customer_id,total_sessions_app,total_sessions_web,email_comm,sms_comm,ivr_calls,csr_calls,annual_reports,account_age
1,0,3,0,16,1,0,148,20.35483871
2,0,8,0,3,3,4,477,75.22580645
3,4,3,0,13,6,4,147,231.6774194
4,1,0,5,19,2,0,118,140.7741936
5,0,43,1,0,1,0,239,232.9032258
6,1,0,4,4,0,2,2,62.06451613
7,5,26,0,19,3,4,1553,107.8064516
8,0,11,6,8,1,0,674,60.67741935
9,3,0,19,10,0,1,143,58.51612903
10,0,42,1,14,3,4,68,89.90322581
11,1,0,0,6,0,2,7,65.48387097
12,0,18,5,13,6,0,449,58.22580645
13,0,20,2,3,0,1,21,150.6129032
14,0,1,0,15,0,7,654,169.8064516
15,0,22,10,0,1,0,149,203.1290323
16,0,19,4,8,1,0,217,96.90322581
17,0,2,2,22,0,3,625,100.5806452
18,0,5,23,18,5,0,1449,154.7096774
19,6,0,0,15,0,1,1285,170.7096774
20,0,2,0,24,1,0,2998,87.93548387
21,5,0,0,13,1,2,170,537.9032258
22,2,0,0,17,5,3,87,34.67741935
23,1,0,0,17,3,0,448,326.483871
24,0,6,0,20,0,1,653,343.7741936
25,0,2,2,0,0,1,173,48.48387097
26,12,0,8,0,3,3,2031,83.38709677
27,1,0,6,0,0,1,95,19.19354839
28,0,6,4,5,0,1,202,96
29,0,32,10,4,2,1,301,73.48387097
30,3,0,13,0,5,1,350,79.90322581
31,9,0,5,17,0,3,2355,56.80645161
32,8,9,7,11,5,0,1003,25
33,0,1,4,27,6,6,1227,96.32258065
34,1,0,2,10,1,0,678,307.3870968
35,11,0,2,0,1,3,442,39.06451613
36,18,0,6,9,1,2,2154,27.96774194
37,0,21,0,7,2,1,1685,373.0967742
38,0,3,0,2,3,0,160,114.3548387
39,0,12,0,12,3,0,812,130.2580645
40,0,1,0,4,2,2,87,13
41,6,0,64,30,5,0,215,45.64516129
42,0,2,2,1,1,0,867,0.74193548
43,0,4,0,5,0,1,416,38.25806452
44,0,3,1,1,0,1,2,30.22580645
45,4,0,0,20,1,0,4497,81.38709677
46,1,0,0,3,2,1,551,352.1935484
47,1,2,17,18,1,1,25,95.32258065
48,2,0,0,16,1,0,3651,103.3870968
49,0,9,0,3,1,0,392,271.9677419
50,1,5,13,0,1,0,227,149.3225807
51,0,93,0,9,2,0,125,168.1935484
52,2,0,7,0,0,1,327,250.2580645
53,0,365,0,24,5,8,1491,276.0645161
54,2,0,3,2,1,0,36,83.64516129
55,1,5,5,1,1,0,190,52.35483871
56,2,0,3,22,1,1,426,88.03225806
57,2,0,0,10,1,3,3496,73.90322581
58,0,7,0,17,1,2,477,202.5806452
59,0,1,1,5,1,1,12,19.70967742
60,0,5,11,0,3,11,254,15.80645161
61,3,0,0,2,1,0,53,79.4516129
62,3,0,0,5,5,0,476,70.35483871
63,1,0,3,0,1,0,13,64.93548387
64,0,6,0,6,2,0,2,2.06451613
65,0,6,4,7,0,4,121,218.5483871
66,26,163,29,0,2,6,72,25.90322581
67,0,2,1,4,1,0,115,80.90322581
68,1,0,9,0,2,0,61,204.4193548
69,0,37,7,0,0,1,159,65.03225806
70,0,8,15,0,1,0,182,81.32258065
71,0,7,15,4,0,2,59,239.8064516
72,0,11,0,14,2,1,1311,37.35483871
73,8,0,0,26,1,1,1206,92.48387097
74,8,0,0,7,1,0,215,27.06451613
75,4,0,0,25,0,1,436,53.09677419
76,0,5,13,1,1,2,1157,316.9677419
77,0,3,1,0,2,0,6,24
78,0,35,0,10,1,0,2627,404.6451613
79,1,0,8,0,1,0,1483,22.41935484
80,0,3,0,11,4,1,1045,86.90322581
81,3,0,1,3,1,0,151,44.16129032
82,0,39,1,1,3,0,418,286.9354839
83,2,0,1,5,2,2,1075,24.64516129
84,0,70,0,1,4,1,431,33.4516129
85,0,4,5,2,1,1,1224,442.483871
86,0,45,0,19,3,2,982,25.41935484
87,2,0,0,5,1,0,252,633.5483871
88,0,1,0,1,1,0,924,15.74193548
89,1,0,0,3,0,1,14,59.67741935
90,0,1,0,11,3,2,105,598.516129
91,0,9,0,13,5,0,2491,49.41935484
92,2,0,1,0,0,1,215,138
93,0,1,8,0,2,0,690,178.1935484
94,1,0,0,5,0,1,632,219.2580645
95,14,0,0,10,1,0,863,52.12903226
96,1,0,0,15,0,1,720,92.93548387
97,0,3,2,0,0,2,7,459.1612903
98,0,1,9,0,1,0,192,117.4516129
99,0,15,0,24,1,0,232,314.483871
100,0,1,0,13,2,0,144,86.96774194
101,2,0,0,7,1,0,2699,108.4193548
102,0,10,12,0,1,0,226,85.77419355
103,2,0,7,0,0,1,238,62.90322581
104,0,1,6,6,1,0,1355,20.64516129
105,0,32,0,39,0,2,1668,184.8064516
106,0,1,0,4,0,2,423,132.5806452
107,1,0,0,13,20,2,273,307.1290323
108,1,0,0,3,1,1,1422,15.25806452
109,1,0,0,21,1,0,4254,33.87096774
110,0,4,0,1,1,0,67,74.64516129
111,0,4,5,20,2,0,3354,230.5483871
112,0,2,0,8,1,0,16,416.6774194
113,0,10,4,13,1,0,67,45.90322581
114,0,8,1,2,1,0,83,52.35483871
115,0,2,0,8,1,1,95,281.2258065
116,1,0,2,17,2,0,591,449.7419355
117,1,0,4,4,0,1,338,1.80645161
118,0,7,0,8,0,2,2497,99.48387097
119,0,1,0,5,0,1,52,13.03225806
120,1,0,0,9,0,1,278,39.64516129
121,5,1,5,6,1,0,1118,24.48387097
122,0,83,4,7,4,7,1362,28.5483871
123,12,0,19,16,8,0,5617,52.96774194
124,4,9,0,15,1,0,1832,202.7741936
125,2,0,3,0,0,1,179,294.7096774
126,2,0,19,0,1,0,2342,152.4193548
127,4,0,1,0,2,0,460,314.1935484
128,0,25,17,21,0,2,2621,61.61290323
129,1,0,0,5,1,0,85,24.58064516
130,1,0,11,12,1,1,383,117.483871
131,5,81,3,4,1,0,820,74.35483871
132,0,1,0,20,19,2,571,133.7096774
133,0,200,5,30,2,0,560,172.6129032
134,1,0,1,1,0,1,61,93.93548387
135,0,10,3,0,2,0,1085,268.4193548
136,0,1,0,5,1,0,201,40.32258065
137,0,3,1,0,8,2,187,381.1612903
138,5,0,12,0,2,1,2137,47.61290323
139,0,1,2,2,1,1,124,87.12903226
140,11,0,0,20,2,1,6479,42.29032258
141,3,0,0,1,0,3,193,44.41935484
142,3,0,4,18,0,1,227,149.4516129
143,3,0,6,15,1,0,156,228.7096774
144,2,0,0,7,4,0,440,551.9354839
145,11,0,5,12,1,0,572,86.38709677
146,0,28,2,0,2,0,31,290.6129032
147,0,21,7,0,1,1,78,334.7419355
148,3,0,1,0,0,1,17,38.48387097
149,2,0,0,14,2,0,1049,182.8064516
150,0,16,36,39,9,2,3740,562.7096774
151,8,15,19,8,0,7,581,58.51612903
152,2,0,0,8,5,0,2133,119.3225807
153,8,0,0,6,2,0,580,49.41935484
154,4,0,15,0,0,1,93,98.06451613
155,0,1,0,2,0,1,18,80.90322581
156,2,0,1,0,0,2,896,26.83870968
157,2,0,0,28,0,4,32,67.70967742
158,1,0,4,0,2,0,933,366.3225807
159,0,2,0,1,1,0,166,180.0645161
160,3,0,0,5,0,1,335,424.3870968
161,0,16,11,16,1,2,976,36.4516129
162,4,0,0,37,2,1,67,83.93548387
163,0,54,2,26,0,1,815,44.64516129
164,0,2,23,35,8,0,924,195.8709677
165,1,0,0,13,1,0,378,89.90322581
166,0,1,6,19,0,2,2029,306.4516129
167,0,53,0,11,2,0,3011,205.9032258
168,0,4,0,7,1,4,82,347.4516129
169,0,28,1,4,1,0,93,143.6774194
170,4,0,0,7,7,1,8,134.1612903
171,0,5,36,45,0,1,3460,173.5806452
172,0,16,0,15,0,2,182,71.4516129
173,3,0,0,1,1,0,271,239.8064516
174,0,1,4,28,1,1,1,83.93548387
175,1,0,0,6,1,0,110,91.87096774
176,0,1,0,70,1,0,969,122.0645161
177,0,4,9,9,0,2,1125,29.03225806
178,0,45,15,60,0,6,114,85.87096774
179,1,0,0,4,1,0,31,241.5806452
180,5,0,0,14,4,3,1572,372.1935484
181,4,0,0,1,0,1,1044,325.0322581
182,3,7,11,10,2,2,51,43.48387097
183,0,72,5,0,1,2,99,78.5483871
184,0,9,3,30,2,0,1834,46.22580645
185,16,0,26,0,0,3,2304,51.48387097
186,1,0,6,6,0,2,40,28.12903226
187,18,0,4,0,1,4,8026,25.4516129
188,0,1,0,11,2,3,73,338.6129032
189,1,0,2,3,1,1,54,19.19354839
190,5,0,0,10,4,1,1806,39.41935484
191,1,0,19,24,1,0,25,40.03225806
192,3,0,1,0,0,1,321,26.83870968
193,7,6,0,27,0,5,1223,121.9677419
194,11,21,0,32,2,4,2485,220.1612903
195,3,0,0,5,2,0,201,53.09677419
196,0,1,0,17,1,0,171,141.5483871
197,1,9,0,2,1,0,53,9.83870968
198,0,20,2,0,0,1,530,287.3870968
199,3,0,0,2,0,1,7,99.48387097
200,0,2,0,20,1,0,456,10.64516129
201,11,0,0,32,2,2,1064,11.90322581
202,0,1,0,13,8,0,1162,91.74193548
203,0,99,16,0,1,0,80,106.4516129
204,2,0,0,11,0,1,215,28.90322581
205,1,0,30,31,0,1,724,41.80645161
206,2,0,0,6,1,1,66,147.6129032
207,1,0,11,12,2,1,856,63.5483871
208,7,37,0,6,3,1,500,86.38709677
209,15,1,0,2,3,2,2356,8.12903226
210,1,8,0,2,1,2,194,63.90322581
211,1,0,8,8,6,1,706,18.74193548
212,0,3,6,0,4,2,709,412.6774194
213,0,1,0,4,2,0,373,97.19354839
214,1,0,0,7,5,1,2171,54.19354839
215,0,1,3,0,1,0,58,138.2903226
216,8,0,12,15,2,3,1266,72.61290323
217,5,0,0,19,0,1,780,27.4516129
218,0,1,2,11,0,1,14,285.5483871
219,5,4,0,16,1,2,193,86.83870968
220,0,22,2,0,1,0,1605,98.03225806
221,0,10,3,26,1,0,2081,64.12903226
222,0,3,8,0,1,0,138,4.32258065
223,3,0,0,6,1,0,63,20.19354839
224,0,8,1,2,1,4,85,14.12903226
225,0,25,4,0,1,0,198,422.3548387
226,1,0,0,21,0,3,4071,463.9677419
227,12,0,0,27,1,0,907,96.48387097
228,0,5,0,6,0,2,378,295.9354839
229,18,11,0,25,3,1,2911,144.2903226
230,5,0,0,10,0,2,232,28.90322581
231,2,0,0,3,0,1,1,44.35483871
232,0,1,0,100,2,4,14,419.1290323
233,0,1,6,0,1,0,1128,241.4193548
234,0,2,48,0,1,2,1139,263.2258065
235,2,0,0,27,1,1,641,68.90322581
236,0,25,33,12,2,0,554,591.6774194
237,1,0,5,5,1,0,40,82.90322581
238,0,1,0,19,5,0,2214,27.93548387
239,1,0,0,4,2,0,5,379.8064516
240,1,0,0,8,1,1,312,32.64516129
241,0,1,0,5,3,3,302,32.51612903
242,0,36,7,10,1,0,383,61.4516129
243,1,0,1,5,2,0,196,58.35483871
244,9,0,0,3,1,1,1044,1.35483871
245,0,2,0,2,0,1,659,15.09677419
246,1,216,1,0,1,0,767,54.19354839
247,0,3,1,24,0,1,1366,41.61290323
248,1,0,0,5,1,0,161,101.3548387
249,2,0,16,0,2,1,1968,359.9354839
250,0,86,19,22,1,2,1323,55.83870968
251,9,0,0,16,0,1,357,166.8064516
252,0,5,0,15,5,1,1233,109.6774194
253,0,2,0,23,0,5,685,122.9032258
254,0,2,0,23,9,1,2133,369.0645161
255,5,0,33,0,0,1,4475,269.6451613
256,5,0,0,9,1,1,478,93.83870968
257,0,12,0,1,1,0,237,12.25806452
258,6,0,19,0,0,1,7524,298.3548387
259,0,1,1,0,0,1,169,306.1935484
260,0,1,22,20,1,0,213,250.1290323
261,5,28,0,6,2,1,217,429.9354839
262,0,1,0,3,0,2,98,47.90322581
263,9,0,15,14,1,0,416,28.16129032
264,0,29,0,9,0,1,314,74.58064516
265,2,0,6,0,2,0,7,333.4193548
266,0,7,0,13,0,6,1190,451.2258065
267,2,0,15,0,2,0,46,479.483871
268,1,0,0,7,0,1,630,5.35483871
269,0,1,11,15,1,0,658,128.2903226
270,4,0,0,19,2,0,2717,99.67741935
271,1,0,17,10,1,0,64,693.0322581
272,0,13,15,2,0,1,90,23.96774194
273,0,11,0,17,2,0,63,10.5483871
274,0,3,1,0,0,2,2,119.0322581
275,0,5,9,0,0,1,915,94.16129032
276,5,0,0,7,1,1,83,23.35483871
277,3,0,2,0,2,1,315,15.19354839
278,0,1,0,10,1,0,5,192.1290323
279,0,30,0,10,1,0,4,34.35483871
280,0,19,0,6,4,0,67,86.48387097
281,0,5,0,29,2,1,584,523.4516129
282,5,0,4,9,0,1,83,119.2258065
283,0,43,0,18,0,2,267,63.06451613
284,1,0,1,8,0,1,429,56.93548387
285,0,18,0,17,3,0,327,132.483871
286,0,5,6,0,0,1,1348,32.32258065
287,0,1,6,0,1,0,666,355.8709677
288,4,0,11,0,3,0,742,374.0967742
289,1,0,12,15,1,1,248,141.1290323
290,0,45,0,10,7,8,2625,98.83870968
291,0,11,0,24,1,0,158,154.6774194
292,0,55,0,5,3,0,755,4
293,1,0,0,4,3,5,539,47.03225806
294,0,2,9,9,2,0,671,43.22580645
295,0,10,20,13,3,3,3000,42
296,3,0,1,3,1,0,83,70.35483871
297,2,0,8,9,0,1,241,32.77419355
298,1,0,3,0,2,0,1587,333.2258065
299,0,387,16,20,3,1,915,40.38709677
300,3,0,0,13,14,1,2345,558.2903226
301,0,13,0,5,2,0,209,27.25806452
302,0,1,1,1,0,7,2,49.64516129
303,1,39,0,31,3,0,1834,345.2903226
304,19,0,8,0,1,0,1541,49.80645161
305,0,1,3,5,2,0,489,368.0967742
306,0,2,0,7,0,1,929,39.03225806
307,2,0,1,0,1,0,275,35.35483871
308,0,6,0,8,1,1,9,47.5483871
309,4,0,0,17,0,3,357,72.25806452
310,0,7,1,23,7,0,136,87.22580645
311,0,19,1,2,1,0,78,2.12903226
312,0,159,4,4,1,0,141,64.80645161
313,0,43,4,0,1,1,375,368.0967742
314,0,23,1,8,2,3,59,18.06451613
315,0,1,9,0,6,0,88,28.35483871
316,12,0,17,16,9,0,1215,81.80645161
317,5,0,5,0,7,0,948,99.41935484
318,0,93,14,17,0,1,4164,102.4516129
319,3,0,0,7,3,0,198,123.9354839
320,0,1,7,13,0,1,116,37.09677419
321,1,0,11,0,1,0,209,92.67741935
322,0,2,1,0,0,2,117,71.16129032
323,0,1,0,1,2,0,60,245.3225807
324,17,0,0,32,3,1,3616,456.4193548
325,0,2,0,24,5,0,214,22.77419355
326,1,25,0,12,0,7,106,156.3548387
327,3,13,4,0,1,0,141,381.4193548
328,0,5,4,0,1,0,500,421.2258065
329,0,1,6,17,12,6,1444,21.67741935
330,0,1,9,0,3,1,239,349.516129
331,3,0,4,0,1,0,67,188.2580645
332,0,3,10,14,9,0,1548,168.4193548
333,3,0,14,15,2,1,536,24.09677419
334,1,0,2,5,1,1,74,40.51612903
335,1,1,13,0,0,1,760,355.7096774
336,4,18,5,12,1,0,376,14.35483871
337,3,0,0,14,0,2,1095,420.2258065
338,0,10,19,20,1,0,626,39.87096774
339,0,1,18,0,1,0,333,49.51612903
340,2,0,9,11,1,0,1308,30.93548387
341,2,0,0,2,1,0,603,44.93548387
342,4,28,3,5,0,1,1100,75.4516129
343,5,0,1,0,0,1,1110,100.6451613
344,0,188,0,12,0,1,3464,84.09677419
345,1,0,0,20,1,0,1866,7.29032258
346,2,0,8,10,1,0,40,25.77419355
347,0,12,46,17,1,3,3476,93.83870968
348,0,6,0,1,2,0,259,8.35483871
349,0,8,0,30,0,2,57,220.4193548
350,0,9,2,3,0,1,1204,102.8709677
351,4,0,1,16,1,0,171,58.22580645
352,8,0,0,44,0,5,3886,47.12903226
353,2,0,0,1,1,1,1157,19.96774194
354,1,0,0,18,0,1,125,25.35483871
355,0,2,16,16,2,0,216,5.5483871
356,3,0,3,1,3,0,36,34.25806452
357,5,0,2,0,3,0,1324,209.483871
358,5,0,2,14,1,0,460,84.03225806
359,8,0,0,6,1,1,1445,191.0322581
360,0,24,10,10,3,1,1445,45.09677419
361,2,0,1,0,1,0,459,40.77419355
362,1,0,0,8,1,1,88,164.4193548
363,0,25,0,8,1,0,1075,390.3870968
364,1,0,0,22,2,0,1327,368.9032258
365,3,0,7,0,3,0,215,262.3225807
366,0,2,4,0,0,2,659,78.64516129
367,2,0,4,4,0,1,1066,176.6129032
368,0,12,1,5,2,1,469,87.29032258
369,0,21,4,0,0,1,582,36.19354839
370,1,0,3,7,1,1,181,18.12903226
371,0,2,0,8,1,0,44,37.90322581
372,0,2,63,0,9,5,1547,371
373,1,0,0,12,1,0,265,667.9677419
374,3,0,0,12,1,1,140,150.516129
375,0,26,1,0,1,12,161,106.1612903
376,7,0,2,16,2,0,1553,370.1612903
377,0,37,36,2,0,1,603,245.0967742
378,0,2,0,23,1,0,555,104.1612903
379,6,0,0,11,3,0,2082,61.48387097
380,0,1,3,0,1,0,10,32.77419355
381,1,0,7,7,2,2,36,57.61290323
382,0,2,4,0,5,0,524,454.9032258
383,0,8,0,7,1,0,76,30.38709677
384,9,0,3,6,0,1,301,64.09677419
385,0,45,33,24,4,2,822,133
386,3,0,3,0,4,0,2036,8.83870968
387,3,0,0,19,0,1,25,17.58064516
388,1,0,9,10,0,3,60,21.48387097
389,0,1,0,1,2,0,69,28.80645161
390,3,0,0,13,2,0,367,308.2580645
391,4,0,0,8,1,0,1297,68.03225806
392,4,0,73,10,0,2,1671,48.06451613
393,0,20,12,0,1,2,524,58.77419355
394,0,1,7,11,1,0,1909,86.74193548
395,0,2,0,12,1,0,277,126
396,2,0,0,5,1,0,82,1.83870968
397,0,3,7,13,8,2,1212,133.6129032
398,0,4,5,0,1,0,212,174.0322581
399,3,0,6,7,0,2,417,20.06451613
400,4,0,5,9,1,1,697,39.5483871
401,5,0,5,8,2,0,196,51.29032258
402,2,0,2,0,0,1,442,36.06451613
403,3,0,0,8,0,1,544,133
404,1,0,5,6,2,2,21,110.3548387
405,0,10,0,24,33,0,1866,337.2903226
406,0,1,1,5,1,0,2,49.41935484
407,1,0,5,6,1,0,134,108.6774194
408,1,0,0,1,0,1,1257,42.22580645
409,2,0,0,5,2,1,217,218.3548387
410,7,0,0,8,1,1,384,24.06451613
411,0,83,12,20,1,0,658,129.2258065
412,1,0,0,1,1,0,50,204.4193548
413,0,1,10,0,1,1,2380,33.25806452
414,0,18,6,0,0,2,99,22.25806452
415,0,1,0,20,0,5,1526,51.64516129
416,0,10,0,19,0,2,136,3.58064516
417,5,0,0,5,1,0,1066,22.19354839
418,0,1,3,10,3,1,342,352.4516129
419,0,16,0,12,7,2,1685,483.9677419
420,0,23,0,3,0,2,68,267.9354839
421,1,0,0,8,1,0,127,11.35483871
422,7,0,0,2,3,0,1563,796.1612903
423,0,28,0,4,1,0,229,84.90322581
424,22,2,12,19,4,3,2343,10.41935484
425,8,0,3,32,1,0,2889,38.09677419
426,0,2,0,18,4,9,308,493.483871
427,2,0,7,8,3,1,477,24.70967742
428,0,4,13,13,1,0,373,68.35483871
429,1,0,10,13,0,2,5619,286.5806452
430,0,1,10,10,1,0,633,45.41935484
431,2,0,3,5,1,0,297,14.06451613
432,0,1,0,9,1,0,52,706.9354839
433,4,0,0,5,0,4,229,15.32258065
434,3,0,0,18,1,0,322,72.38709677
435,0,32,2,4,0,2,36,195.8064516
436,1,0,0,7,0,1,124,52.38709677
437,0,25,0,149,2,0,227,400.3548387
438,0,7,5,0,2,3,2065,17.32258065
439,0,1,0,11,1,0,2118,120.1935484
440,0,3,0,2,3,0,63,6.19354839
441,0,2,3,5,2,0,74,32.4516129
442,0,1,0,10,2,1,260,94.25806452
443,3,0,1,0,1,0,190,548.7419355
444,0,3,0,9,1,0,121,81.5483871
445,0,10,3,8,1,1,491,34.22580645
446,0,1,12,2,2,1,2,135.0967742
447,0,3,890,0,5,27,397,116.35483870999998
448,3,0,0,14,5,4,329,8.48387097
449,0,75,0,31,2,1,227,14.35483871
450,0,62,7,14,3,1,152,170.0645161
451,0,10,3,17,1,1,184,110.4516129
452,1,0,0,10,0,2,115,26.03225806
453,15,44,2,19,0,2,3551,133.2903226
454,1,0,0,9,0,1,169,270.1935484
455,5,0,0,2,1,0,2140,12.80645161
456,0,3,6,0,2,0,7,262.5806452
457,0,3,0,11,1,0,327,273.3870968
458,0,7,20,23,2,1,316,8.74193548
459,1,0,5,5,0,1,5619,83.90322581
460,0,1,0,23,11,0,474,40.38709677
461,1,0,3,48,0,3,143,135.5483871
462,0,20,5,0,1,0,309,324.1290323
463,0,15,11,2,2,3,193,22.74193548
464,0,50,18,21,0,1,51,49.61290323
465,0,3,0,10,0,1,366,56.93548387
466,0,11,3,0,1,0,2150,301.1290323
467,3,0,12,28,0,1,1927,291.2903226
468,0,10,0,4,1,2,747,74.09677419
469,0,11,16,14,3,0,1255,116.7096774
470,0,7,0,10,1,1,154,16.35483871
471,0,6,0,11,8,2,3058,411.516129
472,2,0,1,8,0,1,258,232.0322581
473,0,6,0,6,2,0,85,175.2258065
474,1,64,8,0,2,0,1000,148.4516129
475,5,27,3,24,1,3,660,67.96774194
476,1,0,6,10,2,0,143,122.4193548
477,0,2,1,2,1,0,32,57.35483871
478,0,14,4,0,0,1,40,22.41935484
479,0,150,6,0,1,0,218,205.7741936
480,0,1,0,11,13,2,1266,733.7096774
481,0,2,3,3,0,7,279,126.4193548
482,1,0,4,0,1,0,82,53
483,1,0,0,9,1,0,1003,55.64516129
484,0,44,0,26,3,0,22,192.6774194
485,1,0,2,0,1,0,432,470.8709677
486,2,0,2,9,2,0,617,122.0645161
487,7,0,12,0,0,1,1118,52.80645161
488,6,0,0,2,0,2,1674,74.58064516
489,4,1,0,17,1,0,3462,6.32258065
490,0,2,0,6,1,3,68,170.483871
491,0,1,5,0,0,1,1348,72.58064516
492,3,0,3,5,0,1,140,39.83870968
493,1,0,0,9,1,0,260,38.25806452
494,0,1,5,7,1,1,3271,346.9032258
495,0,3,0,6,1,0,1434,40.90322581
496,2,0,13,11,1,0,1434,26.61290323
497,0,22,0,1,4,5,1031,35.96774194
498,4,0,10,10,1,0,73,35.29032258
499,0,23,0,2,1,0,249,122.5806452
500,5,0,5,8,1,0,299,109.6774194
501,0,3,4,0,0,1,1042,281.1612903
502,1,0,4,0,0,1,1445,322.4516129
503,0,26,1,0,1,1,308,18.19354839
504,0,79,0,8,4,0,1213,66.48387097
505,2,0,0,8,0,1,3231,14.96774194
506,1,0,6,4,3,2,164,112.516129
507,0,7,0,9,0,1,1090,93.06451613
508,11,0,0,11,1,0,498,406
509,1,0,0,13,1,0,44,136.3225807
510,2,13,0,1,1,0,7,21.09677419
511,5,0,15,20,0,1,578,98.70967742
512,0,15,4,0,0,1,63,3.16129032
513,0,9,0,2,13,0,1090,31
514,0,20,0,1,1,0,346,48.87096774
515,3,0,0,6,2,2,1279,85.51612903
516,0,1,0,6,2,2,226,29.58064516
517,0,2,0,2,0,12,506,30.58064516
518,3,0,0,10,0,2,2605,206.7741936
519,1,0,9,0,1,0,516,19.67741935
520,3,11,6,40,6,3,4478,968.3548387
521,0,13,0,3,2,0,2,23.77419355
522,6,0,16,18,1,0,350,18.96774194
523,0,37,0,4,1,0,72,24.58064516
524,0,6,3,5,10,0,573,58.58064516
525,8,0,12,0,0,2,680,47
526,0,1,40,19,1,3,2651,357.2258065
527,2,0,0,5,0,1,545,73.32258065
528,3,0,2,6,0,1,22,59.51612903
529,0,15,26,28,1,0,532,49.87096774
530,0,102,9,0,0,1,133,44.74193548
531,0,51,0,3,0,11,1,87.32258065
532,1,3,0,20,0,1,1375,61.35483871
533,0,2,1,4,0,2,216,10.32258065
534,7,0,0,11,3,1,895,49.77419355
535,0,2,2,0,1,0,484,180.8387097
536,2,0,1,0,0,1,1127,39.16129032
537,0,1,13,0,0,1,272,210.8387097
538,0,17,0,11,11,0,802,548.9032258
539,0,1,2,0,1,0,94,193.0645161
540,3,0,0,3,4,0,666,155.8709677
541,0,1,2,5,2,2,56,83.35483871
542,0,10,7,0,2,0,29,27.96774194
543,0,110,4,15,1,0,972,51.61290323
544,1,0,2,0,1,0,61,39.67741935
545,0,4,25,0,1,0,183,246.8709677
546,0,1,1,0,10,0,1212,26.61290323
547,0,2,0,2,4,2,3555,69.64516129
548,21,0,0,33,2,0,742,66.25806452
549,0,13,1,0,2,0,131,45.96774194
550,1,0,2,6,1,0,106,28.35483871
551,0,15,2,0,2,0,80,560.483871
552,0,9,0,48,4,2,2090,410.3548387
553,0,9,0,31,3,0,1919,612.9677419
554,1,0,0,5,0,2,86,33.5483871
555,0,15,1,7,0,1,74,76.22580645
556,2,0,16,5,3,6,63,4.90322581
557,0,1,1,8,1,0,370,312.3548387
558,1,0,0,11,0,2,2090,272.4516129
559,1,49,5,4,0,1,17,42.48387097
560,1,0,11,0,6,0,403,24.25806452
561,2,0,9,10,1,1,2443,119.8709677
562,9,17,0,43,20,0,2852,442.1612903
563,3,0,16,19,1,1,379,82.77419355
564,2,0,0,3,1,0,166,86.61290323
565,3,0,7,0,8,1,79,177.5483871
566,2,0,0,9,4,1,1157,120.3225807
567,0,3,9,0,2,0,1266,38.93548387
568,6,0,8,8,1,0,1444,23.32258065
569,0,1,31,0,3,2,254,228.483871
570,2,0,11,12,1,0,281,231.5483871
571,0,1,13,16,0,1,2,92.32258065
572,0,6,3,13,0,1,63,32.32258065
573,0,2,7,0,1,5,82,104.61290323000001
574,1,0,0,9,0,1,1849,63.35483871
575,3,0,3,9,1,0,547,42.70967742
576,0,4,0,2,3,0,387,8.32258065
577,3,0,0,4,1,2,979,405.4516129
578,0,27,0,22,0,4,179,96.77419355
579,1,0,0,20,2,0,165,46.35483871
580,2,0,0,34,1,1,2023,84.70967742
581,0,1,12,0,3,2,128,392.1935484
582,0,3,0,3,1,0,265,425.3548387
583,5,0,2,2,1,1,13,132.9032258
584,2,0,4,0,1,0,78,54.35483871
585,0,1,0,1,0,1,434,32.41935484
586,0,1,0,5,0,1,116,16.06451613
587,2,0,0,3,0,1,67,54.29032258
588,2,0,0,56,0,2,2479,96.35483871
589,4,0,13,16,1,0,4268,30.93548387
590,0,8,0,5,0,1,33,105.5483871
591,3,0,6,0,2,0,634,240.3225807
592,2,0,6,6,1,1,1711,85.64516129
593,2,0,2,4,2,0,136,54.80645161
594,2,0,0,3,1,0,729,279.2903226
595,6,0,2,15,1,0,334,11.03225806
596,23,0,0,8,20,12,76,37.35483871
597,0,8,0,10,1,2,3,98.5483871
598,0,31,1,0,2,0,2,268.2580645
599,0,1,0,2,1,0,10,15.61290323
600,2,152,0,35,6,1,3268,60.41935484
601,0,1,2,3,1,24,226,567.2903226
602,1,0,0,1,0,1,64,157.3548387
603,1,0,16,10,2,1,2,239.2903226
604,4,0,15,6,2,0,231,109.0322581
605,1,0,0,8,0,1,284,166.2580645
606,0,4,0,8,7,1,854,66.16129032
607,0,8,0,26,0,1,1997,75.41935484
608,12,0,0,28,3,1,489,68.4516129
609,4,0,1,1,1,0,60,53.25806452
610,0,5,7,0,0,1,308,38.09677419
611,8,0,3,0,1,0,308,36.09677419
612,17,0,0,1,10,0,834,2.16129032
613,4,0,6,5,0,1,85,60.29032258
614,0,95,0,23,0,1,371,147.4193548
615,0,2,0,10,2,0,2,241.5806452
616,1,1,1,6,1,0,95,20.32258065
617,0,15,1,0,1,0,2212,120.4516129
618,0,14,0,1,4,5,624,204.0967742
619,0,74,0,18,1,0,483,486.9677419
620,0,15,13,30,19,5,5160,381.9032258
621,1,0,0,19,1,1,801,72.87096774
622,0,20,0,21,7,4,59,93.32258065
623,0,1,0,12,1,0,147,354.0967742
624,11,0,10,0,4,2,1164,63.32258065
625,7,0,0,4,1,0,466,42.70967742
626,4,0,1,9,1,1,819,100.8709677
627,0,1,5,21,0,1,122,251.7741936
628,8,0,0,10,2,0,198,48.35483871
629,6,0,1,13,1,1,1133,36.90322581
630,0,158,0,19,1,0,4487,30.03225806
631,3,0,4,5,2,0,82,34.35483871
632,0,4,0,13,1,0,141,408.2903226
633,0,1,0,28,1,0,375,47.38709677
634,0,8,0,18,3,2,1347,90.06451613
635,1,0,0,5,1,1,1063,92.12903226
636,0,21,0,10,0,2,653,134.4516129
637,1,0,0,9,2,0,677,196.1612903
638,2,0,1,9,0,5,549,95.80645161
639,2,0,5,0,3,2,73,73.19354839
640,2,0,0,2,1,0,283,83.90322581
641,0,25,2,0,1,0,155,15.35483871
642,0,89,0,6,2,0,264,22.96774194
643,5,0,2,8,0,2,117,88.93548387
644,4,0,3,5,1,0,268,21.83870968
645,13,0,0,4,3,3,364,96
646,2,0,0,7,1,1,1139,91.77419355
647,0,21,5,0,1,0,373,24.22580645
648,0,8,0,4,1,0,2,49.90322581
649,8,0,11,8,3,0,919,96.80645161
650,0,1,0,5,5,2,1724,95.12903226
651,0,8,0,5,1,1,596,92
652,2,0,3,3,0,1,22,29.61290323
653,0,2,0,5,7,1,171,353.0645161
654,1,0,5,0,0,1,151,84.5483871
655,0,20,2,0,1,0,674,169.483871
656,0,3,0,12,1,1,442,199.1290323
657,7,0,0,14,2,0,1622,248.5483871
658,0,73,17,18,1,0,5617,14.83870968
659,3,0,0,10,1,0,542,104.9354839
660,1,0,12,0,0,1,488,31.90322581
661,0,21,2,27,0,2,919,38.77419355
662,0,2,2,6,2,0,233,49.5483871
663,0,4,0,6,1,0,532,54.06451613
664,4,0,0,10,1,0,99,338.8387097
665,0,1,2,0,0,1,202,119.4516129
666,2,0,0,17,1,0,2859,106.7096774
667,3,0,1,18,1,0,587,37.90322581
668,2,0,0,2,1,0,62,230.483871
669,0,16,0,5,3,1,122,441.4516129
670,0,1,0,2,2,1,2230,100.1290323
671,0,4,9,13,0,1,31,26.16129032
672,0,2,10,2,2,0,29,9.35483871
673,2,0,0,4,2,0,144,51.61290323
674,0,3,0,2,0,1,132,10.96774194
675,2,0,4,5,1,0,1647,38.16129032
676,5,0,4,0,0,2,6863,18.32258065
677,3,0,0,18,1,0,1357,81.38709677
678,0,1,0,2,1,0,167,201.5483871
679,0,2,0,17,8,1,3474,288.4193548
680,1,8,1,0,1,0,55,50.32258065
681,0,21,0,10,1,4,532,47.35483871
682,1,0,7,0,0,1,98,139.9354839
683,0,4,2,16,5,0,1864,223.6774194
684,4,51,24,35,1,0,1732,188.9354839
685,0,64,0,16,0,5,1045,142.0967742
686,0,9,2,13,6,0,640,249.8387097
687,0,2,0,22,1,0,1444,125.7096774
688,0,2,10,13,1,0,67,61.22580645
689,9,34,0,10,2,0,1345,436.483871
690,1,0,0,3,1,0,98,109.6774194
691,2,0,0,11,3,0,492,40.90322581
692,0,5,0,18,1,0,209,136.5806452
693,1,0,0,7,0,2,1536,380.6129032
694,4,0,0,30,1,1,4493,156.2258065
695,0,2,0,6,3,3,269,31.41935484
696,11,64,0,14,0,2,2428,98.51612903
697,3,0,0,7,2,0,1065,75.64516129
698,1,0,5,0,1,0,3766,220.516129
699,0,19,4,5,1,1,31,191.9677419
700,0,10,0,8,4,0,715,611.483871
701,2,0,2,2,0,4,1635,104.8709677
702,2,0,0,10,0,1,3339,31.22580645
703,0,7,35,30,1,0,1476,9.35483871
704,4,0,0,6,4,2,490,304.5483871
705,0,1,0,6,2,0,2714,22.64516129
706,0,17,1,0,1,0,121,31.83870968
707,0,4,0,11,4,0,287,457.8064516
708,0,3,5,0,3,0,1670,294.9354839
709,1,0,6,8,0,1,645,47.35483871
710,0,12,7,11,0,3,506,35.32258065
711,4,0,10,0,1,0,2789,524.9677419
712,0,8,1,0,3,2,126,385.516129
713,5,0,3,0,0,1,123,18.09677419
714,3,0,6,6,2,1,2343,21.4516129
715,0,35,30,0,2,0,1807,47.70967742
716,0,2,0,2,1,0,885,413.0967742
717,3,0,0,12,1,0,1131,156.3548387
718,2,0,0,10,0,2,1104,344.516129
719,0,12,7,29,1,4,1157,24.5483871
720,6,2,8,1,1,0,222,2.93548387
721,0,1,0,3,0,1,87,10.19354839
722,0,1,10,0,1,0,318,213.9677419
723,2,0,0,13,0,1,512,306.9032258
724,1,0,0,4,0,1,929,444.0645161
725,0,1,0,11,0,1,3878,102.3548387
726,0,1,3,0,0,1,444,337.3548387
727,0,4,0,43,2,27,177,422
728,1,0,3,15,0,1,222,70.70967742
729,11,0,0,6,0,2,1085,17.93548387
730,0,1,0,5,3,2,2,271.9354839
731,0,116,14,17,1,0,555,24.35483871
732,32,4,0,35,2,0,3268,349.7096774
733,1,0,3,0,2,0,1783,98.83870968
734,10,0,6,0,11,0,1450,189.7096774
735,0,1,3,2,1,0,306,190.3548387
736,0,11,27,36,1,0,731,280.7096774
737,7,0,2,0,2,0,2502,11.80645161
738,7,0,8,7,1,0,293,28.70967742
739,3,0,1,28,0,2,3460,462.8387097
740,5,0,0,6,2,0,117,277.4516129
741,0,17,0,5,0,1,72,419.5483871
742,7,0,0,6,1,0,233,325.9354839
743,1,0,0,6,1,0,85,32.61290323
744,0,1,0,4,0,1,194,33.06451613
745,0,15,12,12,0,1,279,68.96774194
746,0,93,23,25,2,0,143,97.35483871
747,0,2,1,1,1,1,2,45.90322581
748,15,0,0,1,4,0,2184,17.06451613
749,10,0,0,23,0,1,1864,59.48387097
750,0,6,3,3,0,2,101,20.35483871
751,3,0,1,16,1,0,550,86.87096774
752,5,0,5,0,1,0,241,180.0322581
753,0,6,10,11,3,0,1414,99.48387097
754,0,2,8,0,3,0,44,744.1612903
755,2,0,0,15,0,1,1551,64.09677419
756,15,0,4,0,0,1,1683,82.67741935
757,0,16,9,10,1,0,1157,83.80645161
758,0,33,3,5,0,1,244,26.87096774
759,3,3,2,40,1,0,1247,80
760,0,6,13,15,3,0,325,78.5483871
761,7,69,0,53,5,0,2771,142.483871
762,4,17,19,0,2,0,1476,32.64516129
763,0,12,0,33,0,1,2583,513.516129
764,0,8,7,7,2,0,264,19.70967742
765,2,0,0,6,1,0,11,216.483871
766,30,0,0,29,2,5,3147,44.64516129
767,1,0,0,7,1,0,1075,76.87096774
768,0,9,0,13,8,0,439,283.3225807
769,7,0,18,0,1,0,906,138.3870968
770,0,10,0,4,1,0,339,396.0645161
771,2,0,3,5,1,1,14,176.0967742
772,0,1,15,0,1,0,617,887.483871
773,0,7,14,13,3,0,999,151.9032258
774,2,0,7,0,0,3,229,335.9354839
775,4,0,0,15,1,0,1469,55.87096774
776,0,2,0,2,0,1,2,236.7419355
777,6,0,7,22,1,1,1768,30.58064516
778,3,0,6,0,1,0,1060,426.2580645
779,0,3,0,11,2,0,121,27.32258065
780,2,0,3,17,0,1,130,24.90322581
781,0,14,0,4,2,0,393,27.51612903
782,5,0,0,2,1,0,27,43.80645161
783,0,168,0,12,7,10,1628,61.58064516
784,6,0,0,9,1,1,290,44.64516129
785,0,3,0,9,3,0,2209,364.3548387
786,0,10,0,17,1,0,488,197.4516129
787,0,1,1,1,1,0,51,91.74193548
788,6,0,4,16,1,0,637,70.22580645
789,0,9,5,6,0,1,165,66.38709677
790,11,0,0,12,0,1,400,88.41935484
791,0,3,0,4,0,2,42,167.7419355
792,0,2,38,40,0,1,742,26.74193548
793,0,3,0,10,5,0,111,109.4193548
794,0,2,0,8,3,0,103,259.8387097
795,12,27,0,28,2,1,99,43.38709677
796,0,29,0,2,1,0,295,58.74193548
797,1,0,10,10,2,0,202,67.29032258
798,1,0,5,0,1,0,391,359.0967742
799,1,0,6,5,0,1,96,60.38709677
800,8,0,0,16,6,2,522,17.25806452
801,3,26,0,11,1,0,2090,12.38709677
802,0,2,2,0,1,0,151,72.41935484
803,1,0,4,26,1,1,168,97.12903226
804,4,0,15,18,0,1,1324,36.12903226
805,0,2,0,8,0,3,9,24.22580645
806,2,0,3,4,1,4,1008,22
807,0,7,178,24,2,1,1483,12.58064516
808,0,9,0,9,0,1,338,77.22580645
809,3,0,3,9,0,3,1604,97.32258065
810,0,18,0,8,8,0,1180,431.8064516
811,9,0,0,4,0,1,1553,97.12903226
812,0,1,0,11,1,0,200,294.7096774
813,3,0,0,15,1,0,1388,150.3548387
814,0,3,4,5,0,1,1076,41.06451613
815,11,0,9,8,0,1,1075,30.67741935
816,0,1,0,14,3,2,1981,102.9677419
817,0,8,0,37,17,3,3109,210.5483871
818,0,18,14,18,0,1,854,107.4193548
819,0,52,0,20,1,0,322,216.3548387
820,2,0,5,0,2,2,467,247.7741936
821,4,0,4,48,1,0,657,16.35483871
822,1,20,5,13,0,1,108,97
823,0,49,2,0,2,0,36,235.4516129
824,0,1,4,12,0,4,436,88.29032258
825,0,4,23,11,1,2,654,212.9677419
826,0,19,0,36,3,0,1449,499.2903226
827,1,22,0,25,0,1,487,22.35483871
828,0,30,3,5,1,1,58,71.06451613
829,4,0,0,6,2,1,215,117.6129032
830,0,168,0,88,37,64,4,665.0322581
831,0,3,5,0,4,1,743,435.1935484
832,2,0,2,35,1,0,434,25.87096774
833,0,185,0,21,4,0,2639,281.6129032
834,1,0,12,12,0,4,572,46.09677419
835,2,0,0,4,0,1,339,117.1290323
836,4,1,27,27,1,0,2892,169.7419355
837,1,0,0,18,8,2,969,566.5806452
838,0,1,0,4,3,3,2,231.7419355
839,9,0,0,8,2,0,814,349.4193548
840,2,0,0,6,2,1,556,54.83870968
841,0,1,6,6,3,1,602,209.3548387
842,0,2,10,9,1,0,126,169.4193548
843,1,2,0,42,0,1,112,530.3225807
844,0,19,7,6,2,0,461,135.2580645
845,0,4,0,41,5,2,366,21.35483871
846,3,0,1,1,4,0,923,15.67741935
847,0,57,1,0,0,1,6,76.64516129
848,0,3,6,6,3,2,255,34.35483871
849,0,4,5,0,1,0,226,301.4193548
850,1,2,0,18,8,0,1347,249.2903226
851,2,0,12,12,0,1,456,18.51612903
852,0,36,0,15,0,1,1306,160.8387097
853,0,6,0,3,1,0,396,280.4516129
854,0,19,12,13,1,0,3992,759.0322581
855,1,0,8,0,0,1,13,75.64516129
856,7,0,0,23,0,1,3489,69.51612903
857,0,13,5,5,1,0,476,14.32258065
858,2,0,4,5,0,1,82,27.35483871
859,2,0,14,0,6,1,277,18.32258065
860,0,36,3,0,1,0,182,565.7419355
861,0,3,15,17,2,1,2812,64.64516129
862,2,0,0,4,0,1,104,98.51612903
863,0,4,8,8,1,1,2135,129.7096774
864,0,1,32,43,1,0,597,59.61290323
865,1,0,0,8,1,0,1148,52.51612903
866,1,0,2,0,1,0,32,17.80645161
867,3,8,0,5,2,1,1449,73.61290323
868,0,23,0,1,1,0,51,50.67741935
869,2,32,5,0,7,0,463,58.35483871
870,0,86,0,1,0,1,49,352
871,1,0,0,3,0,1,12,38.35483871
872,1,19,0,1,1,0,80,56.09677419
873,0,1,0,10,2,1,153,80.35483871
874,3,0,1,4,0,1,54,43.48387097
875,0,16,0,2,0,1,202,34.67741935
876,1,0,9,11,1,1,12,60.80645161
877,0,4,3,0,1,1,581,9.12903226
878,12,0,33,0,1,0,1141,188.6129032
879,2,0,2,8,1,0,1106,4.74193548
880,3,0,0,19,1,1,871,506.3225807
881,3,0,4,8,0,1,596,310.3548387
882,0,7,0,11,3,0,235,291.6129032
883,11,0,0,1,2,0,631,17.83870968
884,0,37,0,5,1,0,3531,84.25806452
885,3,0,0,19,2,0,444,27.4516129
886,2,0,14,12,1,0,207,63.19354839
887,0,7,0,6,2,1,202,452.0645161
888,0,8,0,1,0,2,18,308.0967742
889,1,0,0,2,0,1,84,151.6451613
890,0,88,1,35,0,2,2495,73.48387097
891,1,0,0,3,0,1,284,13.74193548
892,0,126,0,8,1,0,1744,276.6451613
893,2,0,0,1,1,0,88,233.5806452
894,0,26,0,13,0,1,97,82.4516129
895,0,27,0,1,3,1,284,118.9032258
896,0,2,0,6,0,1,2345,44.06451613
897,0,18,5,9,6,0,173,276.0645161
898,0,1,0,1,1,1,440,85.96774194
899,1,0,1,10,0,1,1159,203.4516129
900,2,0,10,0,0,1,20,55.80645161
901,4,0,0,10,1,0,913,382.8064516
902,0,101,4,0,1,1,4,34.16129032
903,2,0,1,0,0,1,48,160.8387097
904,1,0,0,1,0,1,2671,37.80645161
905,0,34,7,0,0,1,108,248.5483871
906,0,2,5,9,0,1,1583,238.3548387
907,0,5,0,12,2,1,121,124.3225807
908,0,14,0,26,1,4,822,29.80645161
909,0,1,5,7,0,1,3,79
910,4,0,0,2,3,4,102,33
911,0,5,0,14,0,1,616,172.6451613
912,0,2,6801,0,8,112,423,1211.387097
913,0,10,1,0,1,0,27,236.8064516
914,2,0,0,15,3,0,1622,577.8064516
915,5,0,9,0,3,0,146,29.61290323
916,0,1,0,4,1,0,126,103.6774194
917,0,31,10,15,2,0,515,447.7419355
918,0,26,7,11,1,0,558,55.87096774
919,0,17,0,1,2,3,2,162.8064516
920,0,1,0,15,2,16,2,156.9032258
921,2,0,0,7,1,0,56,25.41935484
922,1,0,0,7,0,1,741,190.5806452
923,1,0,0,39,29,1,3344,298.0322581
924,0,2,7,6,1,2,61,60.4516129
925,0,24,6,0,0,2,680,39.29032258
926,1,0,0,1,0,1,297,31.90322581
927,14,0,0,8,6,2,1658,91.35483871
928,0,23,1,0,1,0,198,432.4516129
929,3,0,0,4,1,1,151,2.38709677
930,3,0,2,3,1,0,383,20.32258065
931,0,24,0,4,1,1,3114,29.32258065
932,0,4,0,2,2,2,1071,226.8709677
933,1,0,0,5,0,1,293,172.8387097
934,0,16,5,9,0,1,107,101.4516129
935,0,45,10,0,3,0,112,36.90322581
936,1,0,0,4,1,0,62,35.51612903
937,1,14,3,3,1,0,896,35.77419355
938,0,2,5,0,2,0,755,52.29032258
939,0,2,4,13,1,1,6,432.2258065
940,3,3,0,4,1,0,69,247.8709677
941,0,2,0,6,1,0,694,276.8064516
942,2,0,2,2,2,0,141,25.12903226
943,0,7,0,28,6,0,1247,301.9032258
944,2,0,3,11,1,0,1418,435.2580645
945,2,0,7,0,0,1,226,418.1935484
946,1,0,0,4,1,0,246,203.3870968
947,0,34,0,12,0,1,309,32.80645161
948,32,0,0,18,1,0,1864,38.25806452
949,0,21,57,67,0,1,11488,66.09677419
950,1,0,4,0,0,2,1110,23.38709677
951,0,15,2,2,1,0,192,219.2258065
952,1,0,3,4,0,3,1164,23.67741935
953,0,30,4,11,1,2,110,369.4516129
954,0,16,0,4,5,1,729,380.8064516
955,6,0,0,24,0,1,1154,43.5483871
956,3,15,2,0,2,0,831,209.5806452
957,1,0,0,10,0,1,1890,41.61290323
958,0,4,16,18,1,0,96,119.0322581
959,3,0,14,20,1,1,124,186.7419355
960,2,0,14,16,2,3,119,17.83870968
961,15,0,34,0,16,0,3463,73.90322581
962,0,1,1,3,0,1,148,8.96774194
963,1,0,31,35,1,1,4518,76.35483871
964,0,4,3,3,1,1,60,7.67741935
965,6,0,18,0,5,2,1397,29.90322581
966,0,4,1,0,2,2,349,19.70967742
967,3,0,12,18,11,1,3,4.48387097
968,1,12,1,9,0,7,3028,73.67741935
969,0,6,0,5,1,0,1229,172.516129
970,0,4,5,0,5,1,1167,385.4193548
971,4,0,0,9,0,1,1942,56.67741935
972,0,159,10,18,1,1,1310,101.1612903
973,0,7,0,10,0,1,206,345.5483871
974,0,1,0,1,5,0,896,390.5483871
975,2,0,0,10,0,1,895,182.2580645
976,0,77,9,17,2,0,661,42.41935484
977,3,0,9,7,1,0,317,29.03225806
978,5,0,0,5,2,0,544,61.32258065
979,1,0,0,12,1,1,88,42.41935484
980,4,0,5,0,0,1,108,58.90322581
981,0,18,4,4,0,1,54,153.7419355
982,2,0,10,0,0,1,772,117.1290323
983,1,0,16,20,0,1,276,60.22580645
984,0,7,18,0,0,26,125,748.2903226
985,1,2,4,5,1,4,8,84
986,0,2,1,5,2,1,181,211.9354839
987,0,1,15,18,0,2,311,249.8064516
988,2,21,0,14,0,1,655,460.7741936
989,0,6,0,5,0,6,2006,163.7419355
990,0,38,0,9,3,0,2428,43.93548387
991,1,0,0,9,3,0,2,442.7741936
992,1,0,0,21,8,0,2564,71
993,0,10,11,6,3,0,307,33.35483871
994,0,8,5,6,1,0,92,23.32258065
995,2,0,7,11,1,1,53,50.35483871
996,0,1,0,30,1,0,297,172.4516129
997,0,7,1,0,0,3,2,116.9354839
998,2,0,0,12,0,1,1732,25.51612903
999,1,0,0,13,0,1,108,18.35483871
1000,4,0,2,20,1,0,378,54.70967742
1001,0,1,0,9,2,1,198,156.4516129
1002,0,12,2,0,1,0,284,33.25806452
1003,0,18,0,14,2,0,512,89.29032258
1004,11,0,0,11,1,2,2415,395.4193548
1005,2,0,0,10,0,1,212,82.70967742
1006,5,0,1,10,1,3,575,16.38709677
1007,1,0,5,0,0,1,1,256.2903226
1008,0,20,0,6,0,2,568,95.38709677
1009,0,1,0,7,1,0,912,473.0322581
1010,1,0,0,2,0,1,87,94.35483871
1011,2,0,4,0,2,0,34,218.6129032
1012,0,5,5,0,2,0,989,370.3548387
1013,0,2,1,0,3,0,284,21.58064516
1014,8,0,1,27,5,4,423,148.2580645
1015,1,0,0,10,1,0,353,86.5483871
1016,1,0,5,9,2,7,158,16.90322581
1017,2,0,0,4,0,4,295,64.35483871
1018,1,0,0,14,1,0,88,447.7419355
1019,0,1,3,9,0,3,158,199.1290323
1020,0,1,19,0,0,4,354,194.4516129
1021,0,5,2,0,1,19,75,106.3225807
1022,0,1,23,1,5,2,3535,159.1290323
1023,0,1,1,0,0,1,2067,249.2580645
1024,0,1,0,6,2,0,85,190.4193548
1025,0,7,8,0,1,0,7,37.87096774
1026,1,0,0,6,1,1,49,34.25806452
1027,0,43,0,5,2,0,304,37.80645161
1028,2,0,0,7,0,1,126,82.48387097
1029,0,23,16,0,3,1,297,706.6774194
1030,2,0,0,2,0,1,819,357.6774194
1031,1,0,4,2,3,1,175,49.09677419
1032,0,4,0,7,1,0,341,600.1612903
1033,0,4,2,0,1,4,130,225.3548387
1034,0,1,0,18,6,1,546,17.90322581
1035,0,1,2,3,2,1,450,121.4193548
1036,0,5,0,8,0,1,1,5.25806452
1037,2,0,0,7,0,1,67,76
1038,0,23,0,10,1,0,1395,108.7096774
1039,0,60,0,5,1,1,67,252.483871
1040,5,0,3,4,0,1,281,38.74193548
1041,4,0,0,22,0,1,2012,384.516129
1042,0,6,0,1,0,1,1147,17.96774194
1043,1,0,10,11,1,0,1290,121.483871
1044,1,0,0,7,2,0,2461,400.7096774
1045,4,0,0,11,0,1,327,160.5806452
1046,2,0,2,14,1,0,198,332.5806452
1047,0,41,0,16,2,0,659,260
1048,6,0,3,0,3,2,3,27.87096774
1049,0,2,66,0,2,2,3,158.0967742
1050,0,13,3,0,0,2,194,52.80645161
1051,8,0,6,6,3,0,1758,18.35483871
1052,6,0,0,5,1,1,350,34.90322581
1053,15,0,0,14,6,2,1814,278.3870968
1054,7,0,0,19,2,3,991,22.35483871
1055,0,3,129,16,5,2,187,135.0322581
1056,0,1,0,3,1,0,308,21.38709677
1057,0,33,2,0,2,1,4112,186.2258065
1058,0,81,0,1,2,1,1044,19.77419355
1059,0,5,1,3,1,2,107,277.4516129
1060,2,0,7,0,0,1,187,90.58064516
1061,5,0,8,6,0,1,252,13.4516129
1062,2,0,0,19,1,0,243,477.8709677
1063,1,0,6,9,0,1,662,399.5483871
1064,1,0,8,0,2,1,355,49.19354839
1065,15,0,7,27,6,4,711,37.29032258
1066,0,1,0,7,1,1,278,75.74193548
1067,0,4,10,2,0,1,99,217.8709677
1068,1,0,1,0,1,0,1076,26.09677419
1069,2,0,2,2,2,0,1998,23.06451613
1070,1,0,1,8,0,1,465,91.51612903
1071,4,0,0,38,4,0,1050,80.19354839
1072,13,0,10,15,0,1,1090,230.516129
1073,7,0,0,13,0,1,429,106.5806452
1074,3,0,1,7,1,0,131,191.0322581
1075,6,0,12,0,1,0,1110,57.87096774
1076,10,0,0,7,4,0,736,446.7741936
1077,0,3,0,4,0,1,398,28.38709677
1078,1,0,2,2,1,0,150,61.61290323
1079,1,0,6,0,0,1,448,59.41935484
1080,1,0,0,3,1,0,149,230.3870968
1081,1,0,0,5,8,0,1845,429.3225807
1082,0,1,2,12,1,1,393,313.3548387
1083,1,0,4,0,1,1,92,418
1084,10,0,1,0,2,1,1732,19.90322581
1085,0,241,0,14,31,1,3268,183.9032258
1086,2,0,5,0,1,0,83,85.5483871
1087,3,0,0,5,1,1,2,64
1088,1,0,0,12,2,0,66,7.4516129
1089,2,0,3,8,0,1,7,55.12903226
1090,2,7,0,10,1,0,24,5.35483871
1091,2,0,16,15,3,1,2085,32.06451613
1092,2,0,0,8,2,0,114,55.96774194
1093,2,0,6,0,2,0,68,246.4516129
1094,0,4,0,4,1,3,2539,523.0967742
1095,0,2,1,0,2,0,386,529.6129032
1096,2,0,0,16,1,0,374,40.19354839
1097,0,1,1,19,12,4,812,370.3548387
1098,0,6,0,7,1,0,1578,305.8709677
1099,0,2,3,0,0,2,215,27.80645161
1100,1,0,31,0,2,0,1223,84.58064516
1101,5,0,1,11,3,2,367,84.48387097
1102,0,4,0,5,1,0,76,132.6451613
1103,0,13,5,9,1,0,264,12.38709677
1104,0,7,0,24,4,2,2376,131.4193548
1105,8,5,0,28,3,0,1919,326.9032258
1106,3,0,2,2,2,0,1144,47
1107,0,7,1,0,0,1,15,267.516129
1108,0,69,3,10,1,3,1189,76.83870968
1109,0,3,25,0,3,1,2137,708.0967742
1110,1,0,32,40,0,3,62,18.5483871
1111,0,2,9,0,0,4,273,203.483871
1112,0,3,2,0,2,0,442,435.7096774
1113,0,12,23,0,0,2,1071,101.2258065
1114,0,6,0,16,0,5,375,142.0645161
1115,3,0,10,14,1,0,1727,129.1290323
1116,0,5,8,8,4,6,2,123.483871
1117,0,1,0,11,2,0,83,54.16129032
1118,1,0,2,6,2,1,1582,62.90322581
1119,9,0,18,59,6,0,1305,36.93548387
1120,0,1,13,1,1,0,1130,82.67741935
1121,0,16,3,0,0,1,82,26.64516129
1122,1,0,0,6,1,0,26,46.32258065
1123,2,0,2,0,0,2,127,64.19354839
1124,2,0,0,12,1,1,2150,126.6129032
1125,0,2,7,0,1,0,210,319.8064516
1126,0,52,0,22,0,2,4204,264.7741936
1127,0,4,6,14,1,2,417,334.2258065
1128,0,50,0,31,4,0,689,94.35483871
1129,2,0,0,17,1,0,1017,80.90322581
1130,1,0,0,7,2,0,195,27.90322581
1131,2,0,1,3,2,3,152,85.4516129
1132,0,31,14,0,1,0,1084,105.7096774
1133,2,0,2,9,0,1,580,30.70967742
1134,3,0,0,7,1,0,94,26.32258065
1135,0,6,0,6,1,0,121,104.4193548
1136,4,0,0,24,2,0,1284,49.61290323
1137,0,1,2,3,0,2,11,30.38709677
1138,8,0,0,17,2,0,1267,15
1139,4,0,0,19,1,0,4225,63.90322581
1140,1,0,9,19,0,1,1266,6.5483871
1141,0,2,0,13,1,0,63,43.70967742
1142,12,0,15,33,2,1,4164,20.61290323
1143,0,3,15,16,1,0,5596,76.29032258
1144,0,8,0,5,1,1,4,307.8064516
1145,1,0,0,2,1,0,42,38.77419355
1146,1,0,0,2,0,1,469,18.64516129
1147,2,3,0,15,2,0,233,7.77419355
1148,1,14,0,3,0,2,186,247.8387097
1149,8,0,8,0,1,0,575,39.41935484
1150,11,45,11,14,0,2,1133,42.29032258
1151,0,50,19,18,0,1,3066,25.41935484
1152,0,1,0,6,1,1,565,107.3870968
1153,0,1,0,2,1,0,1396,5.09677419
1154,0,58,0,28,7,0,2964,522.5483871
1155,0,1,0,1,22,0,791,771.9677419
1156,0,26,3,5,0,3,510,3.61290323
1157,0,6,0,11,2,0,3237,232.6774194
1158,0,17,0,10,10,1,1050,289.8709677
1159,0,4,0,10,1,0,369,231.516129
1160,0,2,2,20,2,0,2467,176.9677419
1161,0,6,3,4,1,0,400,27.87096774
1162,1,0,0,3,1,5,26,20.41935484
1163,0,4,5,0,2,28,536,56.67741935
1164,0,3,0,12,3,1,68,104.3548387
1165,2,0,0,2,3,4,77,5.67741935
1166,0,17,0,15,3,0,387,224
1167,1,0,0,20,2,2,126,82.74193548
1168,3,0,0,20,2,0,2300,44.35483871
1169,3,0,26,25,0,1,1771,8.90322581
1170,0,4,3,0,9,0,2709,571.4516129
1171,0,1,0,8,3,1,3425,48.16129032
1172,0,32,0,2,1,1,203,5.25806452
1173,0,4,4,26,3,0,1,25.35483871
1174,1,0,3,3,1,0,75,21.48387097
1175,3,0,0,12,0,1,184,24.32258065
1176,2,0,0,6,1,0,108,229.9354839
1177,0,23,5,0,0,1,554,30.29032258
1178,0,1,9,10,1,1,1517,23.35483871
1179,0,3,1,0,0,4,24,203.8709677
1180,2,0,2,16,1,2,221,61.32258065
1181,0,2,3,0,0,7,2378,354.1935484
1182,1,0,2,6,0,2,903,172.0967742
1183,0,4,0,11,0,1,1,158.1612903
1184,1,0,0,12,0,5,292,43.87096774
1185,0,9,5,0,0,3,22,103.6774194
1186,0,13,0,26,0,11,308,221.8064516
1187,1,0,0,7,2,0,918,60.77419355
1188,0,3,0,52,0,2,103,211.9032258
1189,3,0,0,5,1,0,62,53.96774194
1190,1,0,0,5,5,1,1200,24.35483871
1191,0,4,0,1,0,1,65,13.87096774
1192,1,0,0,5,3,1,515,30.32258065
1193,0,28,12,0,1,0,595,311.483871
1194,0,1,10,0,0,3,122,25.67741935
1195,0,3,0,6,0,1,50,199.3225807
1196,0,1,0,1,1,0,3,27.87096774
1197,0,8,53,11,2,4,16,38.80645161
1198,8,28,3,6,1,0,467,53.93548387
1199,2,0,0,21,1,2,292,421.2258065
1200,0,7,0,2,2,0,2948,667.4193548
1201,0,38,0,4,1,0,285,109.4516129
1202,3,0,0,21,1,0,2479,337.3548387
1203,1,32,0,10,5,0,1097,314.516129
1204,0,3,3,5,1,0,44,265.1290323
1205,0,9,0,22,2,2,400,127.3548387
1206,4,0,0,6,2,0,281,338.3870968
1207,2,0,3,15,1,0,222,66.61290323
1208,1,0,7,23,1,1,402,8.35483871
1209,2,19,0,26,13,0,55,248
1210,3,0,0,1,9,0,233,609.1935484
1211,0,17,57,0,0,1,4,351.483871
1212,0,39,15,0,2,0,1796,54.06451613
1213,1,0,0,7,0,1,97,10.96774194
1214,0,1,24,0,1,0,235,10.70967742
1215,0,463,0,12,2,0,1884,117.6451613
1216,4,0,0,12,1,0,215,155.0322581
1217,0,11,8,0,1,2,2882,37.35483871
1218,1,0,0,8,1,0,1075,189.9677419
1219,2,2,1,3,4,0,36,6.64516129
1220,0,24,0,29,1,0,2892,40
1221,12,0,35,0,5,2,819,184.7741936
1222,0,258,0,26,0,1,163,43.70967742
1223,3,0,0,21,6,0,3015,297.6774194
1224,0,30,0,41,1,0,1771,208.0322581
1225,0,7,4,7,1,0,97,117.6774194
1226,0,1,7,2,1,0,1,51.70967742
1227,1,0,5,6,2,0,4,10.41935484
1228,11,0,2,14,1,5,107,61.29032258
1229,0,27,0,20,10,0,1397,295.9677419
1230,0,2,0,12,0,1,2,9.77419355
1231,10,0,0,17,3,0,618,57.12903226
1232,0,28,0,16,2,1,705,178.2258065
1233,29,0,0,30,1,2,4825,90.03225806
1234,9,0,0,18,4,0,379,20.41935484
1235,3,0,4,9,0,5,1006,20.41935484
1236,1,0,0,2,0,1,417,13.93548387
1237,0,23,14,19,2,3,10,103.6451613
1238,0,2,3,0,3,0,592,191.6774194
1239,0,19,0,9,14,3,141,302.9354839
1240,0,6,0,6,2,0,228,311.3870968
1241,0,38,0,7,5,0,168,188.7419355
1242,1,0,0,45,0,1,2220,277.8064516
1243,0,1,0,6,2,0,140,140.8709677
1244,1,0,2,58,18,8,4478,379.8709677
1245,0,3,0,3,0,1,315,12.93548387
1246,0,7,11,0,0,1,66,282.5483871
1247,0,3,0,7,2,0,67,584
1248,0,9,18,0,7,0,927,687.3548387
1249,3,8,2,12,1,0,381,35.38709677
1250,0,40,0,11,2,0,147,397.7096774
1251,0,9,3,3,1,0,217,126.3548387
1252,1,0,0,69,1,0,45,4.35483871
1253,0,10,42,0,1,0,1148,370.4193548
1254,0,7,0,2,0,1,1636,94.4516129
1255,7,0,1,0,3,0,1208,32.35483871
1256,0,212,0,15,7,3,3,143.7741936
1257,2,0,1,0,1,0,233,62.70967742
1258,0,3,0,2,2,0,250,10.93548387
1259,0,5,6,7,0,1,97,27.32258065
1260,4,0,1,1,0,1,60,90.09677419
1261,0,89,2,0,1,1,574,126.2903226
1262,7,0,0,15,2,0,555,62.83870968
1263,1,0,17,18,1,0,1050,47.93548387
1264,9,0,11,9,1,1,760,26.80645161
1265,0,1,0,15,3,0,478,116
1266,0,4,0,23,3,0,978,38.5483871
1267,2,0,0,5,3,0,166,203.9354839
1268,0,19,14,20,2,0,568,22.64516129
1269,0,14,0,7,0,1,134,174.9677419
1270,7,0,0,46,0,1,2642,145.483871
1271,0,71,0,41,0,1,2171,209.483871
1272,0,2,3,1,0,1,1033,298.8387097
1273,0,9,9,7,1,0,60,99.5483871
1274,16,12,0,45,14,3,1436,46.35483871
1275,2,0,7,7,1,0,203,18.06451613
1276,0,5,3,8,1,0,2770,59.19354839
1277,0,3,1,4,3,0,1027,388.8709677
1278,1,0,0,86,8,1,107,226
1279,21,0,17,30,0,3,2157,19.38709677
1280,0,1,0,7,1,1,320,211.2258065
1281,1,0,0,5,1,0,198,57.58064516
1282,6,0,0,7,8,0,1199,284.4193548
1283,36,18,0,21,1,1,3225,33.64516129
1284,0,11,0,1,1,5,696,649.5483871
1285,0,7,9,11,0,1,89,414.3548387
1286,0,1,2,0,4,0,350,70.35483871
1287,3,0,0,23,1,6,969,277.7419355
1288,11,0,0,29,1,0,3981,52.87096774
1289,3,0,4,0,3,0,268,463.1612903
1290,6,4,0,8,2,0,109,2.35483871
1291,1,0,0,13,1,5,239,171.6129032
1292,3,0,0,1,2,2,6558,22.5483871
1293,0,1,0,10,0,4,6,284.6774194
1294,0,2,0,3,1,0,971,109.3548387
1295,1,0,2,7,5,4,454,35.96774194
1296,0,13,0,10,1,0,959,350.3548387
1297,6,6,0,33,1,0,662,95.35483871
1298,0,1,8,0,0,1,324,487.0322581
1299,4,0,10,0,1,2,418,136.2258065
1300,0,158,18,15,5,1,4798,226.4193548
1301,0,1,20,0,0,1,539,33.77419355
1302,1,0,5,0,1,0,140,55.19354839
1303,7,0,0,1,1,0,1320,46.83870968
1304,4,0,11,11,1,1,52,9.38709677
1305,0,6,22,30,0,1,521,37.29032258
1306,0,2,0,8,2,4,115,305.8387097
1307,1,0,40,7,2,0,2012,275.9354839
1308,0,4,1,10,0,5,84,236.4516129
1309,0,7,11,14,13,3,2908,45.67741935
1310,1,0,0,16,1,1,77,74.70967742
1311,0,95,0,13,2,0,551,52.70967742
1312,0,22,19,25,0,5,401,116.1290323
1313,1,0,3,3,1,1,196,20.70967742
1314,15,0,2,19,0,1,1487,44.29032258
1315,0,52,0,2,1,0,174,33.90322581
1316,4,0,23,25,1,1,551,344.6774194
1317,0,1,0,6,2,0,328,94.22580645
1318,0,3,4,9,0,1,458,24.58064516
1319,3,5,0,3,1,2,124,104.0322581
1320,0,12,2,3,1,0,274,335.2580645
1321,0,1,1,3,0,1,170,105.5483871
1322,4,0,8,20,1,0,1644,19.87096774
1323,0,46,18,23,3,1,1314,27.48387097
1324,0,89,1,3,1,4,126,397.9677419
1325,1,0,0,4,1,1,230,51.87096774
1326,3,0,4,1,2,0,206,300.4516129
1327,7,0,7,13,2,0,1023,64.5483871
1328,0,50,0,1,0,3,4,14.32258065
1329,0,14,4,0,3,0,571,134.4193548
1330,1,0,10,2,0,1,174,474.4193548
1331,12,0,0,10,1,1,1264,237
1332,0,18,7,14,1,0,6,393.8064516
1333,10,1,20,0,6,0,2706,240.3225807
1334,0,21,6,8,2,0,220,67.70967742
1335,3,0,0,11,1,0,1157,47.58064516
1336,8,0,0,20,0,1,198,59.5483871
1337,0,2,6,17,7,0,1558,217.9032258
1338,2,0,0,20,2,0,68,4.35483871
1339,2,0,0,3,0,1,279,3.77419355
1340,0,18,0,8,2,0,398,19.77419355
1341,12,0,2,6,12,5,1488,292.2903226
1342,2,0,0,1,1,0,74,63.77419355
1343,1,0,8,0,5,0,510,56.35483871
1344,0,1,0,9,1,0,52,402.5806452
1345,0,1,5,0,1,0,120,90.87096774
1346,0,3,1,0,3,0,44905,583
1347,0,1,0,4,1,0,123,249.1612903
1348,0,2,9,0,1,1,639,307.4193548
1349,1,0,4,7,1,0,198,63.4516129
1350,0,1,0,10,3,0,210,246.4516129
1351,1,0,13,0,1,0,1229,34.35483871
1352,0,165,10,0,1,0,1189,355.483871
1353,4,0,0,3,4,0,1834,14.12903226
1354,0,2,0,10,0,1,138,248.0645161
1355,0,91,0,16,1,0,548,213.483871
1356,0,2,4,7,5,10,6,472.9032258
1357,2,0,8,9,1,0,238,26.5483871
1358,4,0,4,0,2,1,29,97.4516129
1359,4,0,4,10,2,0,451,39.74193548
1360,2,0,3,0,0,1,28,91.16129032
1361,2,0,1,0,0,1,2717,30.48387097
1362,11,0,7,5,0,1,1018,52.29032258
1363,0,48,0,12,2,0,271,300.516129
1364,1,74,6,17,1,2,392,210.4516129
1365,4,0,14,16,1,0,742,122.6451613
1366,2,0,14,0,1,1,239,130.9677419
1367,0,18,4,5,2,0,20,377.2903226
1368,0,2,0,4,0,1,241,108.3548387
1369,1,0,3,2,1,0,29,55.74193548
1370,0,24,0,19,1,0,1273,288.0645161
1371,0,5,0,90,0,1,196,65
1372,3,0,27,0,0,1,1158,109.9677419
1373,1,0,0,1,0,2,14,19.90322581
1374,5,0,0,15,1,3,731,414.2258065
1375,0,1,0,4,0,1,1698,73.41935484
1376,0,1,4,0,0,1,1044,128.0645161
1377,0,20,4,9,1,0,378,23.90322581
1378,0,13,0,1,0,2,712,542.0322581
1379,0,1,8,0,0,1,23,99.74193548
1380,1,0,0,17,1,0,2861,280.8709677
1381,0,8,0,22,1,0,1866,236.0645161
1382,0,23,0,12,1,0,696,31.16129032
1383,0,3,17,0,0,1,458,239.2903226
1384,1,0,0,4,1,1,87,54.41935484
1385,0,4,6,8,0,1,144,161.8387097
1386,8,0,2,0,1,2,14,86.5483871
1387,3,0,7,9,6,0,3372,362.6451613
1388,1,0,0,13,1,1,75,58.93548387
1389,0,4,0,2,0,4,1110,29.35483871
1390,1,0,0,14,1,0,127,20.32258065
1391,4,0,0,4,7,0,705,674.0645161
1392,10,0,10,7,0,1,1454,65.70967742
1393,16,79,9,12,0,2,654,58.29032258
1394,25,0,2,6,1,5,2355,82.48387097
1395,0,4,0,5,1,3,2,30.35483871
1396,1,0,0,2,1,0,235,33.35483871
1397,1,24,2,9,4,1,709,511.8064516
1398,0,33,0,4,2,1,820,29.03225806
1399,0,15,25,71,1,0,3463,87.93548387
1400,0,61,2,4,4,0,328,87.93548387
1401,0,1,1,11,0,4,131,823.7419355
1402,5,0,4,7,1,0,1066,28.58064516
1403,0,1,5,8,2,0,561,108.2580645
1404,0,16,0,8,1,1,398,47.4516129
1405,3,0,7,8,0,2,3566,74.35483871
1406,11,0,0,20,0,2,2863,125.516129
1407,0,1,18,20,0,1,1375,249.1935484
1408,0,14,2,5,2,1,249,66.41935484
1409,0,13,7,0,0,35,318,832.6129032
1410,0,42,0,1,2,0,199,5.58064516
1411,0,4,28,0,0,5,2506,33.58064516
1412,0,3,0,3,1,0,1,190.5806452
1413,1,0,0,9,1,0,68,67.5483871
1414,1,0,0,17,1,0,3400,86.61290323
1415,0,1,133,0,1,1,1064,35.32258065
1416,0,3,0,4,2,7,12,39
1417,4,1,0,6,1,0,85,108.9032258
1418,1,0,0,4,1,0,189,115.7741936
1419,3,0,0,96,0,4,274,104.7741936
1420,26,0,0,28,4,2,6323,22.22580645
1421,0,14,1,2,1,0,82,18.19354839
1422,0,1,1,0,0,1,150,75.96774194
1423,1,0,4,4,0,1,109,50
1424,2,0,0,6,1,0,397,41
1425,3,0,5,0,9,0,1882,164.7741936
1426,0,18,25,13,0,1,422,34.61290323
1427,0,1,10,0,3,0,110,68
1428,0,4,4,3,1,1,66,121.8064516
1429,0,15,0,2,2,0,4,53.48387097
1430,6,0,0,2,2,1,570,52.16129032
1431,1,0,0,2,1,1,247,15.35483871
1432,0,2,13,12,0,5,1110,133.7096774
1433,3,0,10,11,1,0,64,135.5806452
1434,2,0,3,0,1,2,8,323.0645161
1435,0,11,0,5,1,0,240,15.35483871
1436,0,16,0,5,1,2,21,55.77419354999999
1437,2,0,0,10,0,1,1670,27.4516129
1438,2,0,0,5,1,0,46,24.25806452
1439,0,8,0,3,0,1,51,41.03225806
1440,2,0,5,0,0,1,114,40.32258065
1441,0,7,1,12,1,1,876,14.09677419
1442,2,0,3,9,2,0,160,72.03225806
1443,3,0,0,13,1,0,73,7.4516129
1444,8,0,0,3,1,0,68,43.90322581
1445,1,0,0,3,0,1,15,70.09677419
1446,7,0,0,17,0,1,1329,22.16129032
1447,5,29,29,31,1,0,1956,371.0967742
1448,0,1,8,8,0,1,348,136.0322581
1449,10,0,0,7,0,1,6,81.41935484
1450,0,1,1,3,1,1,38,108.9354839
1451,1,6,92,0,2,0,3535,21.5483871
1452,0,3,0,2,0,1,2082,66.93548387
1453,18,0,0,3,3,3,540,28.77419355
1454,0,27,1,45,8,0,1444,62.90322581
1455,14,5,0,21,3,3,3479,36.06451613
1456,2,10,2,2,0,1,125,20.22580645
1457,0,2,0,7,2,1,283,233.2580645
1458,1,0,0,1,1,0,1127,48.96774194
1459,0,2,5,0,2,1,247,129.9677419
1460,1,0,9,2,2,2,212,18.19354839
1461,0,1,4,9,6,0,736,76.16129032
1462,0,2,0,11,0,1,68,39.35483871
1463,0,18,2,6,0,1,197,401.516129
1464,4,0,2,8,1,0,203,218.0967742
1465,3,0,16,22,0,1,1494,30.29032258
1466,0,1,2,0,1,0,137,278.8064516
1467,1,0,0,3,1,0,51,33.4516129
1468,1,0,4,4,1,0,3114,32.77419355
1469,1,0,0,5,0,1,457,55.41935484
1470,1,0,0,6,2,2,95,33.48387097
1471,3,0,3,0,2,0,650,333.0322581
1472,2,0,0,25,12,5,1772,245.483871
1473,0,2,7,0,0,1,319,33.35483871
1474,0,6,0,2,2,0,166,181.6774194
1475,3,0,9,14,2,2,70,23.35483871
1476,0,2,0,6,1,0,19,427.6774194
1477,1,0,0,4,1,0,65,92.80645161
1478,0,38,13,0,1,0,281,64.80645161
1479,0,6,153,54,9,1,187,112.3870968
1480,5,0,8,38,0,1,533,274.516129
1481,16,0,0,1,2,0,1859,10.5483871
1482,2,0,4,0,0,3,222,103.1290323
1483,6,0,0,1,1,0,937,41.09677419
1484,1,0,0,4,1,0,75,7
1485,1,0,2,6,5,1,369,140.4516129
1486,0,1,2,0,2,0,116,135.5483871
1487,12,0,0,27,2,6,3650,287.3870968
1488,0,12,0,6,2,0,213,7.64516129
1489,1,0,1,0,0,1,11,57.35483871
1490,1,0,1,0,0,3,122,199.1612903
1491,1,0,2,0,4,0,135,345.0645161
1492,0,1,0,1,3,1,277,3.83870968
1493,1,1,0,27,10,0,489,291.483871
1494,1,0,0,3,1,1,177,186.3548387
1495,0,6,11,0,0,1,1088,84.38709677
1496,0,13,11,14,5,1,799,28.87096774
1497,1,0,3,8,1,0,173,3.32258065
1498,0,33,28,0,1,2,3703,200.1290323
1499,17,0,0,23,5,8,3147,160.3548387
1500,0,6,1,0,1,3,190,68.48387097
1501,2,0,0,7,1,1,128,583.4193548
1502,0,21,5,11,1,1,22,65.58064516
1503,11,0,2,12,1,0,550,25.22580645
1504,0,6,1,11,2,5,7,85.06451613
1505,4,0,5,5,0,1,264,155.9032258
1506,0,1,0,73,5,0,382,136.4516129
1507,1,0,0,9,0,1,2932,93.48387097
1508,0,19,0,2,1,0,271,361.516129
1509,0,6,7,0,0,1,906,54
1510,0,1,0,28,0,2,297,32.4516129
1511,1,0,0,17,1,3,3506,83.58064516
1512,0,15,11,0,2,0,309,439.2580645
1513,1,0,0,18,2,0,478,227.5483871
1514,1,0,6,0,0,1,240,82.80645161
1515,0,40,13,14,2,0,2789,115.4193548
1516,0,61,0,7,4,0,890,145.4516129
1517,0,24,7,0,2,2,2380,408.6774194
1518,1,0,5,7,2,0,1395,104.0322581
1519,0,6,0,12,1,0,512,327.8064516
1520,0,2,3,0,0,1,2,72.61290323
1521,14,0,0,9,1,1,863,67.38709677
1522,0,45,0,16,0,1,65,438.0322581
1523,1,0,0,8,3,0,284,52.83870968
1524,2,0,3,2,1,1,6,27.16129032
1525,0,4,8,0,4,0,2335,383.5483871
1526,9,0,3,6,0,1,126,42
1527,0,34,20,0,2,0,1006,460.2903226
1528,0,5,0,9,2,5,165,42.32258065
1529,6,0,9,9,1,1,659,118.5483871
1530,3,0,8,10,1,0,238,94.41935484
1531,3,0,0,16,6,0,84,483.2903226
1532,0,1,3,6,5,1,1473,397.483871
1533,0,25,0,2,1,0,400,225.516129
1534,0,11,2,0,1,0,429,411.516129
1535,2,1,0,6,1,0,97,24.4516129
1536,2,0,0,2,0,2,2,109.5483871
1537,6,0,5,21,0,2,854,67.5483871
1538,0,3,1,0,0,2,106,73.90322581
1539,4,0,6,8,4,0,461,20.64516129
1540,0,5,0,1,0,2,105,481.9677419
1541,6,0,3,0,3,0,8,37.90322581
1542,1,0,0,4,1,2,149,139.3548387
1543,1,1,6,6,1,0,98,147.1612903
1544,0,2,12,0,0,2,89,28.19354839
1545,0,1,0,6,3,20,154,49.19354839
1546,0,6,0,30,0,2,24,147.2580645
1547,0,4,10,7,1,0,566,71.51612903
1548,0,1,11,0,0,2,422,184.6129032
1549,1,0,0,16,0,1,1044,27.74193548
1550,0,14,34,14,1,2,273,100.3548387
1551,0,26,0,41,1,0,2053,18.58064516
1552,0,21,0,40,1,0,1038,102.5806452
1553,0,11,0,14,1,0,2,65.48387097
1554,0,14,1,0,8,1,1220,157.6129032
1555,0,1,3,0,5,2,1642,180.6129032
1556,2,0,2,0,1,0,127,12.90322581
1557,3,0,0,27,1,3,3997,317.7419355
1558,2,0,13,26,0,2,3256,49.83870968
1559,2,0,0,7,2,0,166,20.09677419
1560,0,8,7,0,1,0,3,448.7741936
1561,0,47,0,6,0,4,59,289.8709677
1562,2,0,0,3,2,0,47,78.90322581
1563,0,1,0,2,0,1,1842,152.7096774
1564,0,5,8,0,3,0,472,72.5483871
1565,0,13,0,1,4,1,308,47.96774194
1566,0,9,0,21,2,1,143,11.32258065
1567,0,12,4,28,8,0,809,365.2580645
1568,0,7,1,0,2,1,1050,90.77419355
1569,0,1,33,0,2,0,434,159.9032258
1570,0,15,0,12,1,0,347,79.77419355
1571,3,0,0,13,1,0,181,201.9032258
1572,5,0,4,4,3,0,208,28.83870968
1573,0,103,0,6,3,4,168,16.06451613
1574,0,14,24,0,0,1,1116,354.5806452
1575,0,4,7,0,4,0,59,240.1612903
1576,0,1,84,0,0,5,369,703.5161290299999
1577,6,0,0,4,1,0,1686,59.48387097
1578,1,9,5,71,0,1,841,230.5483871
1579,11,4,0,5,1,4,441,11.58064516
1580,0,5,1,22,0,1,1601,100.6129032
1581,0,69,21,50,7,2,2280,93.48387097
1582,0,14,2,2,2,0,123,166.9032258
1583,0,7,0,18,0,1,1747,109.8709677
1584,1,0,0,2,1,0,9,193.516129
1585,2,0,1,0,1,1,44,678.1935484
1586,8,0,0,18,1,0,604,65.58064516
1587,0,39,8,18,1,0,607,67.35483871
1588,0,1,13,12,3,0,2212,39.87096774
1589,2,28,0,3,1,2,834,5.5483871
1590,0,40,3,0,2,1,146,89.48387097
1591,1,0,0,8,4,0,363,137.0322581
1592,4,0,1,20,0,1,780,50.09677419
1593,0,4,0,5,1,0,373,389.8387097
1594,0,94,0,6,0,1,1,99.51612903
1595,0,45,2,0,1,0,2209,87.12903226
1596,0,2,2,0,0,1,524,64.12903226
1597,0,27,3,0,0,1,1011,173.0645161
1598,1,0,2,3,2,1,62,444.1612903
1599,1,0,2,20,1,0,1383,70.90322581
1600,0,2,0,19,2,4,996,74.80645161
1601,1,0,8,0,2,2,119,322.6129032
1602,0,2,0,5,0,13,399,409.7096774
1603,4,0,3,16,1,2,631,253.8709677
1604,3,0,27,25,0,3,828,28.77419355
1605,0,1,0,10,2,0,116,445.5806452
1606,0,23,0,5,1,0,2343,139.5483871
1607,2,0,0,2,0,1,442,45.61290323
1608,11,38,0,23,10,0,2616,240.6451613
1609,0,59,0,7,1,0,1509,36.38709677
1610,1,0,3,9,8,0,1358,295.1612903
1611,1,0,9,15,1,0,635,34.83870968
1612,1,0,22,23,3,1,104,21.93548387
1613,12,0,56,16,1,1,1729,46.35483871
1614,0,20,6,0,0,1,5,412.9032258
1615,0,13,4,4,0,1,158,119.3548387
1616,2,0,0,4,2,0,442,62.77419355
1617,0,15,0,4,2,0,95,347.4193548
1618,0,4,0,3,0,1,2598,46.35483871
1619,0,2,0,9,2,3,52,37.48387097
1620,12,0,16,11,0,1,4002,84.58064516
1621,14,0,1,8,0,1,1447,32.16129032
1622,0,32,0,21,1,0,2500,205.516129
1623,0,22,0,37,4,0,14355,70.25806452
1624,0,22,0,1,1,0,222,674.4516129
1625,0,2,21,14,1,0,48,229.1612903
1626,2,0,4,15,3,0,433,66.4516129
1627,2,0,6,7,1,1,485,23.83870968
1628,0,2,2,0,1,6,60,37.35483871
1629,2,0,4,0,1,0,1574,350.8064516
1630,5,0,0,9,0,1,908,36.4516129
1631,1,0,0,11,1,1,441,45.22580645
1632,0,2,2,0,0,2,7,36.90322581
1633,3,0,0,9,0,2,378,85.77419355
1634,0,37,0,18,5,4,1347,108.9032258
1635,2,0,0,3,1,0,81,111.2903226
1636,1,0,0,10,6,0,659,62.41935484
1637,0,2,0,1,2,1,907,37.12903226
1638,0,3,5,5,0,1,125,124.483871
1639,4,0,0,6,1,0,82,28.35483871
1640,0,7,0,1,1,0,610,10.29032258
1641,0,126,0,4,0,1,188,298.1612903
1642,1,0,7,0,1,1,64,4.22580645
1643,2,0,0,3,1,0,49,0.77419355
1644,0,6,0,32,6,5,1167,39.32258065
1645,1,0,6,0,0,3,82,63.90322581
1646,1,0,0,2,1,1,82,48.64516129
1647,2,0,7,21,3,0,215,21.70967742
1648,0,5,14,0,0,11,675,192.3870968
1649,0,1,1,0,1,1,1318,535.0645161
1650,2,71,19,3,4,1,1020,32.03225806
1651,0,4,0,9,1,0,251,57.80645161
1652,2,0,0,7,1,0,186,403.7096774
1653,1,0,0,9,2,0,74,526.7741936
1654,2,0,2,11,2,0,46,324.1612903
1655,0,8,300,110,1,0,251,44.25806452
1656,5,0,0,13,2,2,1121,144.9677419
1657,0,2,7,0,0,1,175,12.93548387
1658,0,1,0,12,0,10,5828,569.0322581
1659,0,57,0,6,6,0,701,14.35483871
1660,0,1,0,13,6,2,1672,175.8387097
1661,1,2,0,1,1,0,38,43.12903226
1662,0,200,0,4,0,1,795,372.4193548
1663,0,27,0,15,3,1,621,300.3548387
1664,2,0,0,3,0,1,127,134.3548387
1665,0,53,6,0,0,3,255,592.2580645
1666,0,20,2,3,1,4,466,25.48387097
1667,2,0,0,3,0,1,61,34.83870968
1668,0,5,10,12,0,4,866,27.74193548
1669,0,66,8,0,0,1,556,9.74193548
1670,5,0,0,9,0,1,208,48.35483871
1671,1,0,8,11,0,1,1582,52.87096774
1672,6,111,0,16,9,2,2355,206.6129032
1673,1,0,0,2,0,1,1674,25.58064516
1674,5,0,0,5,1,1,1090,390.8387097
1675,0,20,0,2,0,2,4803,63.74193548
1676,0,40,2,0,0,1,2957,165.0967742
1677,2,0,0,7,1,1,239,30.48387097
1678,6,0,7,0,1,0,2439,268.7419355
1679,0,11,0,3,0,1,1127,10.64516129
1680,0,18,0,14,3,0,157,75.74193548
1681,0,40,5,9,2,0,3654,561.1612903
1682,0,1,0,5,0,1,2,977.9677419
1683,0,3,1,5,6,0,1434,85.35483871
1684,0,39,1,0,2,1,313,622.9032258
1685,0,1,0,2,1,0,23,238.1935484
1686,0,3,0,4,0,2,125,286.2580645
1687,0,357,0,12,6,5,137,349.483871
1688,2,0,0,11,0,1,1217,398.2903226
1689,2,156,7,0,2,0,105,111.6451613
1690,2,0,1,2,0,1,29,22.29032258
1691,4,0,4,5,0,2,1012,199.3548387
1692,0,2,245,0,0,4,51,101.4516129
1693,5,0,9,8,0,1,115,53.93548387
1694,1,20,9,0,1,0,885,134.6451613
1695,2,0,4,9,1,0,74,147.4193548
1696,1,0,1,0,1,0,1251,20
1697,5,0,2,2,1,0,1,36.74193548
1698,0,3,0,5,0,1,55,62.38709677
1699,0,11,0,24,9,0,1834,111.0322581
1700,0,30,2,4,1,0,37,93.90322581
1701,3,0,0,6,1,0,202,222.3870968
1702,0,2,0,5,0,1,741,277.6774194
1703,0,76,0,33,10,14,1369,524.8064516
1704,2,0,0,20,0,1,968,146.1290323
1705,2,0,0,23,4,0,155,435.2580645
1706,0,25,3,0,3,2,111,38.25806452
1707,2,0,14,18,1,0,854,116.8387097
1708,1,0,0,11,0,1,407,99.5483871
1709,0,1,6,0,2,0,55,182.9354839
1710,0,50,1,0,3,4,570,328.5806452
1711,1,0,0,2,1,0,661,63.4516129
1712,7,0,0,7,0,1,452,74.80645161
1713,4,0,11,0,2,2,26,256.6774194
1714,13,0,3,12,1,0,380,87.48387097
1715,0,37,1,14,0,1,83,433.483871
1716,0,2,6,5,1,0,147,0.32258065
1717,0,1,4,0,1,0,88,154.4193548
1718,10,0,4,0,0,1,173,80.74193548
1719,6,0,3,0,0,4,1743,231.483871
1720,4,0,0,8,2,0,2761,70.83870968
1721,0,1,0,13,1,1,11,88
1722,0,6,0,2,0,1,35,361.4193548
1723,0,25,0,3,2,0,51,277.4516129
1724,1,0,0,18,3,1,1563,31.77419355
1725,0,3,4,19,1,0,1925,557.6451613
1726,0,34,2,9,2,0,1127,362.516129
1727,0,1,0,6,1,0,6,72.35483871
1728,3,0,4,0,0,3,596,256.3548387
1729,0,2,0,5,1,0,169,524.2903226
1730,3,0,4,3,1,0,54,47.58064516
1731,0,31,7,0,1,0,2462,26.80645161
1732,0,66,0,32,4,2,3034,38.61290323
1733,0,1,0,2,1,0,402,217.516129
1734,0,123,15,15,2,0,984,11.58064516
1735,0,2,7,7,2,0,107,199.7419355
1736,3,0,10,10,3,0,326,43.16129032
1737,0,3,8,8,1,1,1568,98.87096774
1738,1,0,0,5,3,0,883,284.7419355
1739,0,8,0,34,7,2,1015,119.7741936
1740,0,4,1,2,0,2,140,18.19354839
1741,0,2,14,20,0,1,83,56.16129032
1742,3,0,4,0,1,1,64,27.16129032
1743,1,0,17,16,1,1,239,82.80645161
1744,0,7,0,10,1,1,285,94.48387097
1745,7,0,0,18,2,0,313,99.22580645
1746,0,6,1006,45,1,0,825,99.90322581
1747,0,1,0,8,3,0,317,245.3548387
1748,2,0,0,19,1,1,1682,23.19354839
1749,6,0,4,6,1,0,6,52.38709677
1750,0,8,8,9,0,1,1548,117.6129032
1751,2,0,0,11,0,1,287,227.2903226
1752,0,147,0,23,2,1,321,117.3225807
1753,0,6,21,0,4,0,2057,374.8387097
1754,4,0,0,16,2,1,3735,305.0967742
1755,0,24,8,11,1,0,694,8.03225806
1756,0,23,0,4,0,1,262,29.35483871
1757,16,41,5,30,1,1,1130,33.87096774
1758,0,1,9,2,0,2,748,76.77419355
1759,0,10,0,8,2,0,1088,114.7419355
1760,8,0,6,34,3,2,434,97.09677419
1761,4,0,0,15,2,0,1215,98.80645161
1762,8,0,2,0,3,0,739,225.9032258
1763,4,0,9,0,0,1,317,45.64516129
1764,0,1,0,21,3,3,2,85.35483871
1765,3,0,0,25,1,2,822,31.48387097
1766,0,1,0,23,4,0,1083,277.7419355
1767,2,0,0,4,1,1,453,2.74193548
1768,0,25,1,0,2,0,178,302.9677419
1769,1,0,1,2,0,1,10,41.90322581
1770,6,0,6,5,0,1,174,71.35483871
1771,9,0,5,0,1,0,1036,75.06451613
1772,2,1,0,4,1,0,27,50.5483871
1773,4,30,0,16,2,0,1046,212.8709677
1774,0,3,0,12,5,1,2654,25.93548387
1775,7,0,0,5,0,1,145,67.32258065
1776,0,49,13,13,0,3,1131,44.29032258
1777,0,9,7,8,1,0,179,670.2580645
1778,2,0,1,10,1,0,33,27.4516129
1779,4,0,1,6,1,0,201,55.87096774
1780,1,0,3,0,1,1,19,62.16129032
1781,0,1,6,22,0,2,1375,45.67741935
1782,0,1,0,6,7,0,1066,123
1783,0,24,13,12,1,3,1890,117.4193548
1784,0,32,0,13,5,0,1622,251.5806452
1785,2,0,0,6,1,0,23,48.06451613
1786,22,0,20,0,3,1,5156,137.483871
1787,0,2,0,3,2,0,110,87
1788,0,1,1,1,5,0,696,34.41935484
1789,0,5,4,6,0,1,30,310.4193548
1790,0,2,1,18,2,0,3528,441.0645161
1791,2,0,0,8,0,1,499,270.483871
1792,4,0,4,7,1,0,572,296.1290323
1793,0,1,2,0,1,0,151,121.8387097
1794,5,0,5,5,1,0,657,54.90322581
1795,0,54,0,18,1,0,151,139.516129
1796,3,0,11,0,1,0,297,17.35483871
1797,2,0,13,0,1,0,16,212.4193548
1798,0,74,23,0,1,4,17348,175.4516129
1799,2,0,2,0,1,0,24,310.8064516
1800,0,2,24,0,5,23,641,152.0967742
1801,0,48,0,24,3,5,192,56.67741935
1802,0,3,0,7,3,0,190,192.3548387
1803,3,0,0,8,0,1,104,30.29032258
1804,2,0,3,9,1,0,94,198.1612903
1805,0,4,12,13,6,1,418,109.4193548
1806,0,26,17,17,1,0,1653,41.22580645
1807,2,0,0,7,2,0,635,324.3870968
1808,1,0,0,1,0,1,39,254.6774194
1809,0,1,6,0,1,0,89,57.48387097
1810,0,1,0,5,4,0,20,531.8387097
1811,0,1,0,6,1,1,833,374.6129032
1812,1,0,5,9,0,1,10,190.2903226
1813,14,246,0,11,1,0,1136,207.1612903
1814,0,38,0,6,0,1,19,105.5483871
1815,2,0,3,17,1,1,624,38.48387097
1816,1,0,1,1,4,0,1073,370.6451613
1817,8,0,0,1,1,0,407,6.35483871
1818,3,0,0,10,0,1,3544,27.70967742
1819,0,22,0,15,2,2,531,317.5806452
1820,0,128,0,6,2,1,3571,31.77419355
1821,3,0,0,7,1,0,85,94.64516129
1822,1,0,0,1,1,0,7,41.12903226
1823,5,0,4,14,2,0,374,40.38709677
1824,2,11,0,5,1,0,582,188.1290323
1825,0,23,0,9,1,1,2,32.4516129
1826,1,0,0,2,0,1,558,24.29032258
1827,0,3,0,4,0,1,1429,9.32258065
1828,0,23,0,16,0,1,363,25.90322581
1829,0,40,0,7,1,4,75,578.0645161
1830,1,0,2,0,0,1,30,63.16129032
1831,0,17,0,1,0,1,134,6.77419355
1832,0,1,7,0,1,0,340,243.6451613
1833,0,3,12,24,3,0,45,253.3548387
1834,3,0,1,15,0,2,68,33.22580645
1835,0,22,0,7,2,0,445,93.35483871
1836,0,59,185,0,7,51,141,863.2258065
1837,0,1,0,4,1,0,2,100.6451613
1838,2,0,0,14,0,1,104,49.29032258
1839,1,0,7,4,0,1,137,47.5483871
1840,0,5,26,33,8,2,1632,226.4193548
1841,0,32,10,0,1,7,576,82.58064516
1842,3,0,0,7,0,1,148,45.35483871
1843,1,0,9,10,0,1,1772,97.22580645
1844,0,3,0,1,0,1,745,78.83870968
1845,2,1,6,7,0,1,857,43.83870968
1846,0,67,0,6,1,0,1587,182.0645161
1847,19,0,0,34,2,0,4526,83.03225806
1848,0,58,4,24,0,2,1408,58.80645161
1849,5,0,0,30,5,0,296,151.6451613
1850,1,0,0,16,1,0,492,310.5806452
1851,3,17,13,15,3,2,539,132.1935484
1852,10,3,10,13,1,1,1256,58.83870968
1853,0,3,0,53,12,19,367,228.6129032
1854,1,0,14,14,1,0,3607,111.0322581
1855,0,14,0,5,2,0,222,57.83870968
1856,0,5,0,2,1,1,23,35.25806452
1857,8,0,2,2,1,0,1,48.35483871
1858,0,19,0,7,0,3,200,246.4516129
1859,0,8,0,14,1,4,227,553.1935484
1860,0,2,0,14,0,2,192,325.3548387
1861,0,1,0,4,5,1,1083,346.9354839
1862,0,8,2,2,1,0,83,44
1863,0,1,11,0,2,0,106,84.48387097
1864,0,3,0,24,6,1,588,128.2903226
1865,12,0,0,4,4,0,1732,14.09677419
1866,0,1,1,0,1,0,143,193
1867,0,33,8,0,11,1,175,302.5806452
1868,0,1,0,22,0,12,87,439.9032258099999
1869,6,0,1,5,0,1,503,56.32258065
1870,4,0,2,0,0,1,325,192.2258065
1871,1,0,0,6,1,0,6,355.4193548
1872,3,0,4,0,1,0,278,10.4516129
1873,0,7,3,0,2,1,3141,26.4516129
1874,4,0,0,19,0,1,2,412.6451613
1875,0,14,0,15,1,0,768,89.09677419
1876,0,52,7,21,2,20,3710,198.4516129
1877,2,0,0,15,1,6,4567,123.7096774
1878,0,2,0,21,3,0,1083,253.8064516
1879,1,0,0,9,1,0,69,61.48387097
1880,4,0,1,1,3,0,3,81.93548387
1881,1,0,0,7,1,0,1682,79.35483871
1882,0,28,0,20,1,0,742,176.6451613
1883,0,1,0,6,1,1,192,45.87096774
1884,2,0,18,15,1,2,457,34.35483871
1885,0,1,2,0,0,8,119,311.7096774
1886,0,47,2,23,10,3,273,38.48387097
1887,2,0,8,11,0,2,66,72.74193548
1888,0,1,37,0,1,2,586,59.09677419
1889,0,3,0,3,0,1,208,84.74193548
1890,1,0,0,25,6,4,157,237.0645161
1891,1,0,48,12,0,1,516,100.3548387
1892,0,3,4,7,1,1,114,35.29032258
1893,1,0,17,19,0,1,1042,17.48387097
1894,3,0,0,32,0,1,1630,360.2580645
1895,15,0,11,23,5,4,3058,20.48387097
1896,0,348,14,0,7,4,938,244.4193548
1897,2,0,11,12,0,3,1539,28.35483871
1898,0,3,77,49,1,0,1608,122.4193548
1899,7,0,0,25,1,1,1956,37.80645161
1900,1,0,0,9,1,0,515,29.16129032
1901,0,38,0,21,0,3,1161,470.483871
1902,3,0,1,7,0,1,7,45.32258065
1903,11,0,1,22,5,2,3362,50.67741935
1904,0,7,0,7,2,2,135,58.51612903
1905,3,0,4,0,0,1,133,53.22580645
1906,1,0,9,8,0,1,2343,75.74193548
1907,0,1,0,8,1,0,7,233.483871
1908,0,5,311,0,3,0,251,97.83870968
1909,2,0,9,10,0,4,476,27.93548387
1910,0,6,0,6,2,3,12,91.70967742
1911,3,0,0,94,1,1,1347,61.96774194
1912,1,0,2,0,2,1,87,44.03225806
1913,0,17,0,1,2,2,288,193.7419355
1914,0,1,1,1,0,1,67,52.96774194
1915,0,4,13,13,1,0,608,30.90322581
1916,1,0,0,7,2,1,116,73.90322581
1917,3,0,4,4,5,0,524,33.90322581
1918,3,0,7,8,1,0,104,299.4516129
1919,0,1,5,0,0,1,40,22.77419355
1920,1,0,4,1,1,0,24,44.12903226
1921,0,1,12,0,9,0,1,225.1612903
1922,3,0,0,4,1,0,60,59.87096774
1923,0,15,5,5,1,0,2,24.61290323
1924,25,0,0,4,2,1,1425,88.16129032
1925,4,0,0,20,22,12,399,56.74193548
1926,1,0,0,2,0,1,60,40.19354839
1927,4,0,0,34,0,1,1573,130.3548387
1928,0,29,16,19,0,1,1508,41.5483871
1929,0,57,5,9,1,0,121,269.5483871
1930,0,37,0,12,3,0,213,60.51612903
1931,0,51,1,5,0,1,174,72.35483871
1932,0,8,39,27,0,1,2812,279.6451613
1933,4,0,0,1,0,1,249,73.90322581
1934,7,0,0,27,1,0,1395,48.29032258
1935,0,4,3,5,2,0,143,97.67741935
1936,0,7,4,0,1,2,886,142.2580645
1937,0,2,0,6,0,1,30,34.61290323
1938,4,0,1,12,2,4,36,75.83870968
1939,0,2,3,11,2,0,1573,76.87096774
1940,2,0,0,4,0,2,339,31.41935484
1941,3,0,0,1,2,0,400,234.5483871
1942,1,0,1,1,0,1,23,18.74193548
1943,2,0,3,4,3,0,2723,17.16129032
1944,0,1,13,18,2,7,3850,65.35483871
1945,0,1,0,8,1,0,1,70.48387097
1946,0,20,0,45,3,7,2176,75.06451613
1947,0,10,3,0,1,1,44,60.61290323
1948,6,0,0,9,3,3,432,3.5483871
1949,6,0,6,0,0,4,521,189.4193548
1950,1,0,3,0,3,0,45,348.516129
1951,0,1,0,15,5,1,313,589.7419355
1952,2,0,0,10,7,0,1186,133.7096774
1953,0,4,0,4,1,0,262,72.96774194
1954,0,2,4,7,1,1,276,38.25806452
1955,0,8,2,5,2,1,2490,13.93548387
1956,8,0,0,1,2,0,480,301.4193548
1957,0,14,0,2,1,0,803,101.4516129
1958,0,20,11,14,1,0,1108,74.06451613
1959,0,10,0,5,1,0,46,283.0322581
1960,0,1,0,1,0,1,97,20.83870968
1961,3,0,0,7,3,3,222,41.61290323
1962,3,0,3,0,2,0,293,188.4193548
1963,1,0,0,17,0,1,839,86.74193548
1964,0,11,8,0,3,1,237,307.8709677
1965,0,11,0,1,0,1,108,3.87096774
1966,2,0,4,4,4,1,1066,170.483871
1967,0,5,4,6,0,2,107,59.67741935
1968,3,0,0,16,4,0,393,170.516129
1969,2,119,0,16,2,0,993,252.8064516
1970,0,52,3,0,1,0,1564,180.7419355
1971,2,0,10,0,8,0,143,586.6451613
1972,0,7,0,8,1,0,308,148.8709677
1973,4,0,0,6,1,1,706,26.64516129
1974,0,4,1,3,18,1,3741,262.5483871
1975,0,3,3,0,0,1,510,331.0645161
1976,3,0,2,0,1,1,359,41.12903226
1977,0,12,0,3,2,1,1,39.16129032
1978,1,0,6,6,0,1,59,38.4516129
1979,8,8,0,14,3,2,271,744.3548387
1980,1,0,6,6,0,1,376,59.93548387
1981,3,0,0,6,1,0,166,30.25806452
1982,4,0,0,10,0,1,43,82.48387097
1983,0,9,3,0,3,3,98,43.48387097
1984,5,0,0,12,0,1,220,109.9677419
1985,0,9,0,2,3,6,3019,64.35483871
1986,2,0,6,10,2,1,752,17.64516129
1987,0,2,14,0,0,1,1444,49.51612903
1988,0,73,0,2,0,3,252,329.3548387
1989,9,26,0,11,1,0,183,60.32258065
1990,0,1,8,6,1,9,107,58.32258065
1991,0,22,0,31,2,1,2367,43.35483871
1992,0,91,5,45,2,1,2992,46.41935484
1993,3,0,2,2,0,1,308,33.32258065
1994,6,14,20,20,3,0,214,25.12903226
1995,3,0,0,10,2,0,154,184.4193548
1996,0,1,4,0,1,1,103,144.3870968
1997,8,0,0,1,1,0,350,4.67741935
1998,2,0,0,6,0,1,106,39.35483871
1999,0,30,0,42,0,1,3825,265.516129
2000,0,5,1,1,0,1,2,67.90322581
2001,0,35,5,0,1,0,261,319.4516129
2002,1,0,2,5,0,2,3,34.4516129
2003,2,0,2,2,1,0,249,99.74193548
2004,1,0,0,12,1,0,608,400.8709677
2005,7,0,3,14,1,1,904,48.06451613
2006,1,0,0,4,0,1,86,37.41935484
2007,15,0,27,0,3,1,2094,51.32258065
2008,0,2,0,4,1,1,1033,8.12903226
2009,0,9,19,25,6,8,3,555.5806452
2010,1,0,0,1,1,0,2,11.80645161
2011,5,0,13,9,1,0,255,12.48387097
2012,0,2,4,17,2,2,807,394.3548387
2013,0,7,2,0,0,1,32,524.9677419
2014,0,6,5,14,1,0,561,804.2258065
2015,3,0,8,37,2,1,1090,107.6774194
2016,0,9,32,24,2,4,659,84.48387097
2017,0,21,2,3,1,0,195,83.16129032
2018,12,0,0,7,1,2,1345,442.7741936
2019,1,0,1,0,1,0,108,349.4193548
2020,14,0,0,27,0,1,288,220.4193548
2021,0,1,6,0,0,1,361,241.4193548
2022,2,0,1,0,0,1,115,23.35483871
2023,1,0,2,4,0,2,124,79.51612903
2024,3,0,1,1,0,1,67,61.48387097
2025,0,2,42,15,2,8,452,54.41935483999999
2026,0,4,15,23,0,1,1,9.38709677
2027,0,1,0,11,2,0,115,58.12903226
2028,1,0,6,8,0,4,355,32.35483871
2029,0,1,0,5,2,0,113,259.4193548
2030,0,14,1,2,1,0,199,296.3225807
2031,1,0,1,5,3,0,415,422.7741936
2032,0,2,0,16,6,0,5,399.4193548
2033,0,2,9,0,0,1,62,680.3548387
2034,0,12,1,0,1,0,315,5.35483871
2035,3,0,5,8,1,0,1266,28.38709677
2036,2,2,8,10,0,1,105,80
2037,2,0,11,5,0,2,103,93.25806452
2038,0,7,8,8,1,0,327,70
2039,0,1,0,5,1,0,13,291.9354839
2040,0,1,3,0,0,2,77,124.7096774
2041,9,0,5,15,0,2,584,223.7096774
2042,0,3,0,1,0,1,82,261.6774194
2043,4,0,0,15,1,0,551,132.8387097
2044,11,6,0,7,1,0,399,59
2045,0,15,0,14,2,1,699,36.09677419
2046,8,0,0,20,6,0,4149,129.3548387
2047,6,0,21,26,1,3,839,166
2048,8,0,0,23,0,1,501,105.0967742
2049,1,0,0,1,1,0,82,303.7741936
2050,2,0,6,6,0,1,16,284.4193548
2051,2,0,0,7,0,4,96,22.16129032
2052,0,6,0,25,8,0,423,145.8709677
2053,0,84,23,24,0,1,436,49.35483871
2054,21,0,37,39,1,3,700,47.38709677
2055,10,0,0,17,1,0,3359,66.61290323
2056,1,0,3,0,1,4,13,58.61290323
2057,0,1,3,0,0,4,821,90.67741935
2058,0,1,3,4,2,0,650,73.41935484
2059,19,0,0,30,1,0,2132,279.0645161
2060,0,3,1,0,0,2,61,32.41935484
2061,7,1,58,22,0,1,1212,80.51612903
2062,1,0,6,8,0,1,379,633.0645161
2063,1,0,5,10,1,0,103,24.22580645
2064,0,4,1,0,0,29,82,892.2258064499999
2065,3,0,12,0,1,1,138,33.70967742
2066,0,2,1,5,2,1,69,38.16129032
2067,9,0,0,215,0,2,825,19.70967742
2068,0,2,1,0,2,1,1110,206.2580645
2069,0,3,6,7,1,2,363,112.1935484
2070,0,1,4,16,3,0,181,248.2903226
2071,2,0,5,4,0,1,208,252.5806452
2072,3,0,0,6,2,1,417,52.35483871
2073,0,56,5,5,1,0,367,192.1290323
2074,2,0,6,5,0,1,59,63.29032258
2075,0,2,44,0,0,1,387,222.5483871
2076,0,28,3,0,0,1,106,111.6451613
2077,4,0,0,11,1,0,262,27.19354839
2078,2,0,0,24,0,1,353,79.41935484
2079,9,0,1,0,0,1,1148,291.9354839
2080,2,0,6,11,1,0,14,85.29032258
2081,0,1,0,3,1,0,702,16.41935484
2082,14,0,8,9,1,1,165,82.4516129
2083,0,16,0,13,3,0,349,88.4516129
2084,2,0,9,0,0,1,211,276.2903226
2085,0,22,11,13,1,1,802,332.3548387
2086,1,0,0,6,1,0,282,26.64516129
2087,0,1,0,2,1,0,49,15.70967742
2088,5,0,8,0,0,1,65,163.9677419
2089,2,0,0,3,1,1,260,27.67741935
2090,0,12,0,2,1,0,44,25.35483871
2091,1,0,1,0,0,1,47,65.35483871
2092,0,74,21,4,4,0,55,18.25806452
2093,0,85,6,0,12,35,249,25.61290323
2094,0,22,8,25,1,0,112,72.74193548
2095,0,6,0,13,3,0,5,49.87096774
2096,0,12,0,2,2,0,173,172.0967742
2097,0,2,7,0,2,1,14,116.2903226
2098,0,4,21,7,1,0,367,63.67741935
2099,1,0,11,19,2,1,1083,30.48387097
2100,1,0,0,3,2,0,64,9.5483871
2101,0,23,0,13,3,9,221,107.5483871
2102,10,0,3,10,9,6,5,40.19354839
2103,5,0,17,21,1,1,59,132.3870968
2104,1,0,0,14,1,0,2436,519.7096774
2105,8,0,0,11,2,0,308,26.03225806
2106,4,0,0,1,1,0,84,10.32258065
2107,5,0,0,4,1,0,815,19.38709677
2108,0,42,5,5,2,2,5,22.35483871
2109,0,9,1,3,1,0,253,443.516129
2110,0,53,0,1,1,0,281,8.09677419
2111,0,2,4,17,1,0,253,482.2258065
2112,2,0,0,10,0,3,2208,41.35483871
2113,11,0,0,18,4,0,3205,243.9354839
2114,0,4,9,12,0,2,679,28.90322581
2115,0,3,0,17,0,3,166,49.74193548
2116,2,0,1,0,1,0,268,103.0322581
2117,1,0,15,0,1,1,459,17.32258065
2118,0,3,0,1,1,0,253,398.7419355
2119,0,2,11,19,3,3,2212,572.7741936
2120,0,2,6,49,1,1,2368,76.06451613
2121,0,12,0,3,2,0,130,324.9354839
2122,3,14,30,39,3,2,3463,273.6129032
2123,2,23,0,2,1,1,158,24.96774194
2124,2,29,0,1,0,6,443,16.29032258
2125,0,1,2,4,4,6,596,364.1612903
2126,0,26,9,5,3,0,1449,141.4516129
2127,0,4,4,4,2,2,4684,45.09677419
2128,1,0,1,17,0,1,79,222.516129
2129,1,0,3,0,1,1,4,175.8064516
2130,6,0,33,33,2,1,1320,52.06451613
2131,1,0,6,8,0,1,32,50.67741935
2132,0,6,15,0,1,1,255,195.6129032
2133,0,1,0,3,2,4,2662,23.19354839
2134,3,0,0,2,0,1,368,11.61290323
2135,0,27,0,13,0,1,15,83.09677419
2136,0,11,0,4,1,0,241,181.516129
2137,2,0,2,2,2,0,1556,68
2138,11,0,0,21,2,1,1065,46.32258065
2139,0,3,78,0,0,3,231,453.516129
2140,0,1,0,16,6,0,739,351.3548387
2141,1,0,0,2,1,0,56,112.5806452
2142,0,54,1,28,1,0,427,60.5483871
2143,0,8,0,5,3,0,2707,33.19354839
2144,3,0,0,3,1,0,141,33.06451613
2145,1,0,4,5,2,0,2,93.35483871
2146,3,0,0,2,1,0,876,48.4516129
2147,0,61,4,0,1,5,46,493.4516129
2148,20,0,0,41,1,0,5019,72.06451613
2149,0,2,0,12,1,0,483,130.3548387
2150,1,0,0,16,1,0,1182,58
2151,0,2,12,18,1,1,175,83.61290323
2152,0,2,5,0,1,0,320,18.29032258
2153,2,0,21,26,3,0,1363,43.32258065
2154,1,0,0,19,5,0,452,61.93548387
2155,1,0,12,17,1,1,535,23.4516129
2156,0,17,0,4,2,1,52,448.0645161
2157,3,0,1,0,2,0,999,396.5483871
2158,3,0,6,2,2,2,74,10
2159,2,0,8,9,1,0,452,220.6129032
2160,5,0,0,10,1,0,377,277.4516129
2161,0,166,13,14,2,1,325,267.5806452
2162,1,0,0,23,3,0,615,239.5483871
2163,0,1,0,7,4,0,1075,212.9354839
2164,1,0,6,0,1,0,235,417.7096774
2165,0,17,22,0,1,1,1395,335.3548387
2166,5,0,0,13,1,1,1326,18.29032258
2167,0,3,3,0,1,0,122,10.90322581
2168,0,2,0,22,1,0,963,32.35483871
2169,0,1,0,2,1,8,59,311.0322581
2170,1,0,5,0,1,0,765,44.58064516
2171,0,8,9,0,3,0,1289,192
2172,0,2,4,0,0,2,107,419.7096774
2173,0,27,0,9,1,0,156,52.70967742
2174,0,21,8,12,0,1,464,62.61290323
2175,1,0,0,8,3,0,3,93.96774194
2176,1,0,0,1,0,2,1326,27.03225806
2177,0,13,3,0,1,0,36,59.61290323
2178,13,0,16,20,7,1,2212,143.3870968
2179,3,0,2,13,1,0,3,123.4193548
2180,0,5,0,2,2,0,661,15.96774194
2181,2,0,0,7,3,0,4,47.96774194
2182,8,0,0,15,2,2,83,19.87096774
2183,0,9,3,0,0,1,9,220.2903226
2184,19,0,0,23,4,7,3,16.48387097
2185,1,0,11,0,2,1,11,315.483871
2186,10,0,0,25,8,3,395,69.16129032
2187,0,3,1,0,2,1,69,59
2188,0,116,0,15,1,0,739,110.9032258
2189,2,0,12,14,1,0,1682,49.74193548
2190,0,48,1,17,0,1,1354,121.4193548
2191,1,0,0,5,1,0,95,294.483871
2192,0,28,9,0,1,0,140,51.4516129
2193,7,0,4,4,1,0,469,370.6129032
2194,1,0,0,12,2,1,3231,91.4516129
2195,2,1,0,19,8,1,423,232.6451613
2196,0,11,2,0,1,0,97,92.77419355
2197,0,46,0,5,0,1,436,59.4516129
2198,1,0,0,3,1,0,4,183.7096774
2199,0,17,3,0,3,0,324,374.7419355
2200,0,2,0,7,1,0,12,412.1935484
2201,1,0,0,9,4,0,3975,544.3225807
2202,0,14,3,35,0,4,5624,109.7419355
2203,1,0,6,6,0,1,282,68.51612903
2204,1,0,4,32,0,2,429,63.80645161
2205,3,0,0,1,0,1,1014,10.22580645
2206,9,14,0,5,2,0,619,57.41935484
2207,5,0,3,3,1,1,24,28.48387097
2208,0,1,0,26,0,2,824,599.7419355
2209,0,1,0,1,4,0,660,43.16129032
2210,0,5,0,45,3,2,2345,34.4516129
2211,5,0,12,0,4,0,922,412.2580645
2212,0,2,0,16,4,0,94,451.6451613
2213,1,0,0,5,3,2,21,447.7096774
2214,3,6,4,7,2,0,107,5.67741935
2215,13,2,27,12,1,0,776,10.41935484
2216,0,3,2,3,2,1,2,344
2217,0,2,0,78,4,0,8599,60.51612903
2218,0,1,0,2,0,1,68,50.06451613
2219,2,0,12,11,0,1,21,28.38709677
2220,1,0,0,24,2,3,651,85.67741935
2221,0,63,0,1,1,1,3113,13.87096774
2222,0,104,0,6,0,3,444,10.19354839
2223,6,0,0,20,0,1,3383,42.58064516
2224,1,0,3,4,1,0,86,78
2225,0,42,0,12,3,0,121,206.1612903
2226,0,1,0,4,2,0,478,107.9354839
2227,1,0,3,5,0,1,229,35.25806452
2228,1,0,0,6,0,1,43,7.96774194
2229,0,1,0,8,1,0,197,47.77419355
2230,6,0,0,15,1,4,3992,36.67741935
2231,1,0,5,6,2,2,322,134.0322581
2232,0,1,35,0,0,2,126,310.5806452
2233,0,42,0,5,2,6,286,597.1290323
2234,0,3,0,4,1,0,68,6.38709677
2235,2,0,27,0,0,18,1866,48.96774194
2236,4,0,21,0,6,1,1406,262.483871
2237,1,0,5,9,0,1,102,144.4193548
2238,1,0,1,0,1,0,36,43.90322581
2239,0,69,0,12,1,0,744,216.1612903
2240,6,0,5,0,9,1,1712,22.41935484
2241,7,0,25,15,1,0,2356,8.83870968
2242,1,0,0,8,3,0,339,287.6129032
2243,0,56,14,0,0,1,1025,49.29032258
2244,0,78,0,53,3,2,2229,72.16129032
2245,0,3,2,3,0,1,4295,61.19354839
2246,7,2,0,16,3,2,1698,19.70967742
2247,1,0,6,0,1,0,992,180.5806452
2248,0,4,0,19,1,2,175,332.4193548
2249,0,10,3,0,0,1,107,277.0967742
2250,1,0,0,3,0,1,494,78.35483871
2251,3,0,0,3,0,1,5,130.7096774
2252,1,0,6,0,2,2,1851,421.4193548
2253,6,0,4,5,1,0,368,93.90322581
2254,1,0,6,7,1,2,301,54.41935484
2255,0,3,0,8,1,0,84,41.67741935
2256,0,10,0,163,0,5,333,119.7419355
2257,0,9,0,8,2,2,1078,346.4516129
2258,2,0,1,0,1,0,28,117.1935484
2259,0,7,3,4,1,1,773,63.06451613
2260,0,1,0,58,0,3,630,354.5806452
2261,2,0,11,19,0,1,1325,35.03225806
2262,22,8,6,10,3,5,2,85.96774194
2263,0,5,83,0,0,11,237,359.3548387
2264,0,2,23,16,0,1,1613,43.4516129
2265,3,0,5,5,2,0,7,75.64516129
2266,7,45,7,0,1,0,1290,19.48387097
2267,0,2,1,0,0,2,117,239.3870968
2268,0,21,1,6,4,3,248,41.32258065
2269,0,13,0,14,3,0,429,36.32258065
2270,0,1,0,6,7,0,1169,455.5483871
2271,0,27,0,3,0,7,1148,207.4193548
2272,1,0,1,0,0,1,201,73.19354839
2273,0,1,1,0,1,1,110,288.3548387
2274,3,0,5,0,1,1,1241,122.0645161
2275,2,0,0,22,3,0,545,305.1935484
2276,7,0,3,5,1,1,1349,97.90322581
2277,0,8,12,12,0,1,1791,35.64516129
2278,4,0,0,23,7,12,1815,132.0967742
2279,0,32,7,7,0,1,2,113.5483871
2280,5,0,7,0,0,1,729,21.35483871
2281,0,16,5,0,0,1,80,22.90322581
2282,0,34,10,0,2,1,2690,315.6129032
2283,0,1,3,4,4,0,408,21.48387097
2284,0,38,1,2,4,1,22,65.80645161
2285,0,7,0,1,1,0,550,43.70967742
2286,5,0,8,11,0,1,215,26.35483871
2287,2,0,1,19,1,0,3699,334.7419355
2288,0,6,0,42,1,1,5183,498.483871
2289,0,3,0,2,0,4,536,13.87096774
2290,3,0,2,2,0,2,2239,4.35483871
2291,0,1,4,3,0,1,79,38.29032258
2292,3,0,0,7,0,2,3019,59.09677419
2293,2,0,0,10,0,1,508,74.90322581
2294,0,2,6,0,1,0,198,34.83870968
2295,4,0,0,3,3,0,513,18.48387097
2296,2,0,9,2,0,1,136,38.48387097
2297,11,0,0,14,1,0,536,194.9354839
2298,0,2,1,1,1,1,123,14.77419355
2299,6,0,0,7,0,2,1439,106.1612903
2300,0,9,0,8,3,0,222,324.3870968
2301,0,12,1,0,1,0,227,17.29032258
2302,0,1,1,0,3,2,6,775.483871
2303,6,0,0,13,1,0,396,205.2580645
2304,0,15,0,12,2,2,4631,125.483871
2305,14,39,0,20,3,0,3147,426.9354839
2306,1,38,0,10,0,1,443,38.58064516
2307,1,0,5,3,1,0,849,53.35483871
2308,0,2,2,27,7,0,892,332.5483871
2309,0,29,1,8,0,2,29,93.35483871
2310,8,0,0,4,0,1,278,3.74193548
2311,2,0,19,23,1,0,2317,134.7419355
2312,2,0,12,18,1,1,103,32.06451613
2313,12,0,0,17,3,0,1637,208.8387097
2314,0,63,0,9,1,0,853,64.22580645
2315,0,7,6,10,1,0,228,66.38709677
2316,0,13,0,4,4,0,411,306.4516129
2317,1,0,0,13,0,1,195,102.3548387
2318,0,34,0,1,3,3,72,11.19354839
2319,0,2,0,5,3,3,127,482.5806452
2320,0,4,0,40,1,0,3494,297.483871
2321,0,17,1,2,1,0,84,53.61290323
2322,8,204,0,9,1,0,839,38.83870968
2323,2,0,1,4,2,3,174,59.87096774
2324,0,1,7,0,1,0,73,141.3225807
2325,0,1,8,0,2,1,694,83.90322581
2326,13,0,18,0,1,1,2780,128.8064516
2327,0,1,0,6,1,1,5,84.03225806
2328,0,1,0,9,4,0,6,299.6451613
2329,0,46,0,1,0,2,330,12.16129032
2330,0,26,4,15,4,0,250,361.516129
2331,1,0,4,12,1,1,1403,42.35483871
2332,0,13,7,0,0,1,739,11.03225806
2333,0,7,10,0,3,0,459,542.6451613
2334,0,148,0,1,5,2,1052,467.9032258
2335,1,0,5,6,3,1,1838,1.29032258
2336,0,1,2,9,2,0,136,110.3225807
2337,6,0,0,22,4,0,3702,164.0967742
2338,1,0,4,5,0,1,9,36.29032258
2339,0,1,17,0,1,1,33,214.0322581
2340,5,0,0,30,3,3,2090,28.38709677
2341,3,0,3,3,2,1,1649,12.38709677
2342,0,2,0,8,2,0,262,96.35483871
2343,9,0,3,13,1,1,347,75.12903226
2344,0,1,1,6,0,1,147,332.9032258
2345,1,0,0,6,5,2,1442,86.25806452
2346,1,0,11,0,4,0,603,30.74193548
2347,0,22,0,23,1,5,46,60.35483871
2348,3,0,6,5,1,0,1083,300.0322581
2349,0,5,0,14,0,1,328,98.29032258
2350,4,0,0,10,1,0,10,250.2580645
2351,0,11,1,0,1,0,36,66.38709677
2352,4,0,0,3,1,2,104,75
2353,2,0,21,0,1,0,1299,141.1612903
2354,0,8,10,14,3,1,345,214.4193548
2355,2,0,12,0,5,0,16,14.90322581
2356,0,42,7,9,2,0,156,13.4516129
2357,2,2,10,0,1,0,485,10.03225806
2358,0,12,19,2,1,0,149,259.5483871
2359,8,0,1,0,0,1,484,22.70967742
2360,0,2,12,0,6,3,995,176.5806452
2361,5,0,0,13,2,0,436,16.80645161
2362,0,33,0,7,0,1,45,145.9032258
2363,3,0,14,0,1,0,599,45.19354839
2364,0,18,3,0,3,4,455,117.6774194
2365,0,1,34,0,13,1,752,309.7741936
2366,0,4,0,7,3,0,1472,358.4193548
2367,14,1,14,32,2,0,6,4.90322581
2368,1,0,10,0,1,0,1241,24
2369,2,0,0,4,2,0,81,44.41935484
2370,0,6,5,12,0,5,768,188.7096774
2371,0,25,0,646,0,8,494,56.70967742
2372,0,1,13,0,1,0,611,227.5483871
2373,0,162,3,3,1,2,293,19.51612903
2374,2,0,22,5,10,0,479,223.3870968
2375,6,0,8,12,1,1,875,39.48387097
2376,1,0,1,12,0,7,1543,76.03225806
2377,2,0,15,16,1,2,235,114.3548387
2378,6,0,0,12,7,0,742,256.3870968
2379,6,0,0,18,4,2,2012,222.516129
2380,2,0,0,15,0,2,442,27.06451613
2381,5,0,12,28,0,1,541,36.64516129
2382,0,1,0,20,3,3,258,637.7096774
2383,0,22,0,4,0,1,81,110.3548387
2384,1,0,0,9,3,0,2530,72.96774194
2385,0,35,0,11,0,1,178,230.0322581
2386,0,2,0,3,1,0,194,374.516129
2387,1,0,0,6,0,1,85,22.64516129
2388,0,42,0,52,0,1,3825,33.35483871
2389,0,34,5,7,2,0,1075,34.22580645
2390,8,0,0,6,1,4,1349,54.93548387
2391,0,8,2,8,1,0,524,126.0322581
2392,0,11,0,29,1,1,1006,66.48387097
2393,0,24,0,19,5,0,604,189.8709677
2394,4,0,2,2,1,1,735,30.93548387
2395,1,0,1,1,2,1,909,2.87096774
2396,5,0,1,6,1,1,6003,100.8064516
2397,4,7,0,18,1,0,923,303.0645161
2398,0,1,9,10,2,0,10,43.61290323
2399,0,2,10,0,1,0,2534,39.16129032
2400,2,0,1,6,1,0,83,40.32258065
2401,0,3,0,1,0,3,7,73.09677419
2402,0,1,2,4,1,0,65,534.2580645
2403,0,23,9,19,34,5,1184,185.8387097
2404,0,3,0,6,2,1,284,13.61290323
2405,0,11,0,133,2,1,3050,188.2903226
2406,0,7,2,0,3,0,75,240.8709677
2407,3,43,0,12,6,1,3675,267.6451613
2408,2,0,1,0,1,1,217,110.8064516
2409,0,1,8,6,1,0,258,138.9032258
2410,0,2,0,8,2,0,274,355.2580645
2411,0,3,0,1,4,0,5,50.29032258
2412,0,11,1,0,1,0,2184,204.9032258
2413,1,0,3,22,0,2,1495,48.19354839
2414,12,1,0,5,1,0,1045,58.58064516
2415,32,0,9,0,6,6,5646,14.5483871
2416,1,0,0,6,0,1,1241,25.12903226
2417,4,0,0,9,0,1,224,34.70967742
2418,0,4,0,23,1,2,1046,32.4516129
2419,1,0,0,10,2,0,1348,308.6129032
2420,0,22,9,0,1,0,162,35.61290323
2421,0,7,0,8,1,0,1103,23.4516129
2422,1,0,0,10,1,0,67,14.96774194
2423,2,0,0,7,1,0,69,212.9354839
2424,0,4,0,6,1,0,121,208.2258065
2425,3,0,2,0,0,4,251,214.3225807
2426,0,14,9,11,1,0,302,255.2258065
2427,1,0,0,2,1,2,349,33.90322581
2428,2,0,8,12,0,2,471,37.64516129
2429,1,0,6,0,1,0,157,20.83870968
2430,0,3,18,14,1,0,620,134.2903226
2431,0,10,0,13,2,0,730,574.3548387
2432,2,0,4,5,1,3,103,67.03225806
2433,0,7,6,6,3,0,685,58.77419355
2434,0,2,1,0,0,1,808,53.61290323
2435,4,0,23,44,1,0,670,253.4193548
2436,1,0,0,5,1,0,156,52.25806452
2437,3,0,0,19,0,1,1037,250.0322581
2438,0,3,0,10,1,0,2,448.7419355
2439,1,0,0,4,0,1,432,81.51612903
2440,7,0,5,18,12,5,4365,203.6129032
2441,1,0,0,1,0,2,114,45.74193548
2442,1,0,0,2,0,1,93,99.4516129
2443,0,10,0,20,2,2,1443,48.12903226
2444,6,3,0,6,1,0,685,82.19354839
2445,0,5,0,9,1,0,308,188.0322581
2446,2,0,13,7,2,1,890,58.25806452
2447,0,1,0,1,2,0,44,382.9354839
2448,6,0,26,11,0,2,1261,43.09677419
2449,0,1,0,6,1,0,483,325.5806452
2450,0,1,0,24,3,0,288,69.35483871
2451,0,65,0,24,1,0,3014,12.03225806
2452,2,58,3,7,0,1,253,0.74193548
2453,15,0,0,5,0,1,1443,60.96774194
2454,0,8,0,14,1,0,125,391.9354839
2455,0,3,8,0,5,0,3231,688.9032258
2456,0,14,6,5,2,0,501,105
2457,0,18,0,16,1,0,720,61.35483871
2458,1,0,8,0,2,1,1266,42.90322581
2459,2,0,0,4,1,0,21,203.3870968
2460,1,0,5,6,1,0,696,308.0645161
2461,1,0,0,12,1,0,617,177.4193548
2462,1,0,1,4,0,2,7,17.35483871
2463,1,0,6,0,0,2,1071,14.90322581
2464,3,0,0,9,1,1,1157,182.9354839
2465,4,0,0,20,0,1,511,627.7419355
2466,13,0,17,0,2,1,3028,119.2258065
2467,0,2,2,0,0,1,796,130.8709677
2468,0,17,11,1,1,0,123,120.1935484
2469,0,2,0,23,0,2,406,468.8709677
2470,0,8,0,29,1,13,1795,729.8064516
2471,8,0,3,8,1,1,644,39
2472,3,0,0,18,3,0,4002,169.8064516
2473,2,0,8,0,2,0,21,12.38709677
2474,4,0,4,0,1,0,659,8.35483871
2475,1,0,13,18,2,0,3119,198.8387097
2476,3,0,0,12,2,0,1229,113.9354839
2477,0,3,4,2,2,0,95,246.4193548
2478,0,13,3,0,0,1,1408,226.3548387
2479,0,39,0,17,1,2,1495,55.06451613
2480,0,5,0,19,0,1,1918,77.87096774
2481,2,0,0,10,2,0,210,33.25806452
2482,0,1,0,8,4,2,1085,61.29032258
2483,0,9,8,9,0,1,1388,192.6451613
2484,6,0,9,0,1,0,1565,48.38709677
2485,0,18,7,14,1,0,364,86.90322581
2486,1,38,0,5,1,0,132,70.35483871
2487,0,12,2,3,1,4,1,208.2580645
2488,8,0,3,28,3,1,1279,83.35483871
2489,2,0,0,8,0,1,116,61.58064516
2490,0,56,0,14,2,7,266,62.22580645
2491,3,0,7,0,1,0,736,48.38709677
2492,3,0,0,69,0,3,3344,48.41935484
2493,1,0,13,13,2,0,71,276.483871
2494,0,1,4,7,2,0,371,22.87096774
2495,3,0,22,5,1,1,88,21.29032258
2496,0,17,0,15,1,0,220,225.7741936
2497,0,46,0,3,2,0,416,118.7741936
2498,2,0,0,4,0,5,126,275.4193548
2499,0,2,0,7,4,0,254,225.2580645
2500,2,0,0,8,1,0,111,76.38709677
2501,1,0,0,1,0,1,12,32.35483871
2502,0,14,0,12,3,0,421,163.9677419
2503,0,26,0,21,0,1,282,7.4516129
2504,0,2,3,4,2,0,577,20.80645161
2505,0,1,2,0,5,0,1293,273.8064516
2506,0,14,13,0,0,2,1273,396.3870968
2507,0,15,13,13,1,1,474,30.16129032
2508,0,20,2,12,1,0,85,48.38709677
2509,0,12,0,21,1,0,549,44.03225806
2510,0,64,0,18,3,6,1096,153.516129
2511,0,17,11,2,0,2,425,28.58064516
2512,0,17,0,21,0,3,1536,45.67741935
2513,4,0,14,16,3,1,1264,26.03225806
2514,5,0,12,15,0,2,463,78.4516129
2515,5,0,3,0,0,1,613,283.9354839
2516,3,0,0,2,0,1,6,47.61290323
2517,0,24,3,9,2,0,430,338.6774194
2518,0,19,0,3,1,0,128,164.4516129
2519,0,2,2,0,2,0,1185,385.4193548
2520,2,0,0,15,2,0,635,559.516129
2521,2,7,0,3,0,1,104,57.16129032
2522,0,1,18,9,4,1,943,441.516129
2523,0,1,3,0,0,1,69,302.0322581
2524,2,0,3,12,1,1,19,172.5806452
2525,3,0,0,18,1,1,4306,93.58064516
2526,1,0,6,19,0,2,3362,27.48387097
2527,0,28,0,28,7,0,2540,125.1612903
2528,8,0,24,19,1,1,157,255.4193548
2529,10,0,45,43,1,2,834,54.06451613
2530,0,1,0,8,3,0,548,624.9354839
2531,0,3,36,40,1,1,1109,25.58064516
2532,1,0,5,10,0,1,139,38.35483871
2533,0,8,5,22,2,1,2594,135.6774194
2534,6,0,4,5,2,2,440,43.09677419
2535,0,8,3,12,1,1,524,41.77419355
2536,0,87,0,8,0,3,736,112.516129
2537,0,9,0,5,6,0,479,10.87096774
2538,0,1,0,20,2,0,165,142.5806452
2539,18,0,0,28,1,2,2316,57.80645161
2540,3,0,0,7,0,1,193,63.58064516
2541,1,0,2,2,1,0,102,65.48387097
2542,0,2,8,14,2,2,544,40.38709677
2543,6,0,3,19,1,2,760,18.38709677
2544,0,1,9,17,5,0,182,145.7096774
2545,2,0,0,14,1,0,490,119.4516129
2546,4,0,0,14,6,4,382,102.3548387
2547,7,0,0,2,1,1,267,221.6129032
2548,1,0,0,1,0,1,15,321.516129
2549,0,8,10,0,1,1,97,387.6129032
2550,0,3,0,4,0,1,53,146.2258065
2551,0,1,0,7,3,0,212,169.6129032
2552,0,63,0,14,0,1,784,274.0645161
2553,0,3,1,5,1,0,24,39.19354839
2554,0,2,0,2,0,1,448,278.2258065
2555,0,32,0,2,0,1,737,159.483871
2556,0,38,2,8,1,0,16,3.96774194
2557,0,33,38,0,0,6,1042,261.3870968
2558,1,0,1,0,3,1,1569,35.35483871
2559,0,20,0,9,0,1,4381,335.9677419
2560,2,0,0,2,3,0,136,488.0967742
2561,0,20,0,18,1,1,442,316.6129032
2562,2,0,2,0,1,0,391,192.9354839
2563,8,0,0,5,0,1,114,13.61290323
2564,8,0,10,0,1,0,789,59.35483871
2565,2,0,2,3,1,0,1224,16.48387097
2566,3,0,4,4,5,1,539,24.32258065
2567,0,6,16,22,3,5,2,23.38709677
2568,0,1,0,1,5,1,6135,824.1290323
2569,1,0,0,11,2,0,105,168.9354839
2570,2,0,6,9,2,2,141,255.6129032
2571,0,2,15,18,0,1,1608,87.74193548
2572,0,39,2,0,0,1,49,19.87096774
2573,1,0,0,9,1,1,876,421.1290323
2574,1,1,0,15,8,0,664,249.8387097
2575,1,0,3,0,1,0,159,268.8064516
2576,0,2,3,3,4,1,107,29.32258065
2577,0,1,0,22,6,0,752,39.5483871
2578,5,0,12,17,0,1,647,72.77419355
2579,1,0,18,17,1,1,149,213.3548387
2580,2,0,2,7,0,1,92,101.8709677
2581,2,0,0,3,1,0,217,91.4516129
2582,0,5,0,4,1,0,206,167.8064516
2583,4,0,5,17,0,1,541,159.483871
2584,1,0,0,4,2,0,81,133.9032258
2585,0,12,0,3,0,1,32,69.41935484
2586,0,15,0,11,2,0,1559,104.6451613
2587,0,2,0,2,2,0,2230,59.70967742
2588,4,0,4,5,1,2,126,81.22580645
2589,0,4,0,2,3,1,355,311.3225807
2590,1,0,2,2,1,0,76,30.25806452
2591,2,0,13,19,1,0,225,34
2592,0,15,0,6,4,0,262,0.51612903
2593,5,0,2,24,1,0,397,217.8709677
2594,14,26,0,20,8,4,4550,22.4516129
2595,1,0,15,15,0,1,669,27.4516129
2596,0,35,0,15,2,2,2548,124.2903226
2597,4,4,0,4,1,1,1587,174.8064516
2598,10,0,19,17,1,1,9,63.4516129
2599,2,0,4,0,2,3,1938,46.41935484
2600,0,1,4,8,10,2,670,120.5806452
2601,4,0,0,9,1,0,121,3.19354839
2602,0,12,9,0,1,0,281,43.93548387
2603,2,0,7,0,2,0,553,200.516129
2604,4,0,5,0,1,1,96,92.64516129
2605,1,0,5,6,1,0,285,28.12903226
2606,0,7,11,0,0,3,635,470.2258065
2607,1,0,0,11,0,1,906,117.8387097
2608,1,0,0,12,1,0,2535,131.2580645
2609,1,0,1,0,6,0,2683,84.93548387
2610,0,60,0,9,1,0,102,295.8387097
2611,2,0,0,18,1,3,255,275.9032258
2612,0,1,12,14,1,0,1212,134.6774194
2613,0,14,0,2,1,0,172,71.38709677
2614,2,0,2,0,10,8,1347,9.25806452
2615,0,16,0,10,3,0,133,242.483871
2616,0,5,0,2,1,1,68,5.70967742
2617,3,0,2,10,0,3,709,46.61290323
2618,0,35,5,6,3,0,72,29
2619,2,0,2,3,1,0,152,378.4516129
2620,0,16,6,8,1,1,51,40.5483871
2621,15,0,0,9,2,2,2217,89.61290323
2622,0,4,0,12,2,0,791,311.6129032
2623,7,0,0,5,2,0,588,164.5483871
2624,0,21,11,0,1,0,2124,51.35483871
2625,10,7,0,17,1,1,1201,745
2626,0,4,2,6,2,0,544,12.5483871
2627,0,6,16,0,0,1,468,590.1935484
2628,0,13,0,3,1,0,516,13.64516129
2629,12,0,3,69,1,0,1350,33.41935484
2630,2,0,0,75,0,2,1315,84.5483871
2631,0,7,0,3,0,1,734,379.4516129
2632,0,39,0,1,2,0,83,198.8709677
2633,0,18,0,6,4,2,1645,40.80645161
2634,3,0,19,19,5,5,982,46.09677419
2635,0,5,3,3,1,0,377,95.09677419
2636,0,9,0,2,3,2,39,268.7741936
2637,0,36,0,12,0,4,644,10.70967742
2638,1,0,7,0,1,0,138,39.87096774
2639,0,6,124,0,2,2,187,27.4516129
2640,1,0,0,12,0,1,21,77.35483871
2641,18,41,0,42,1,1,3564,55.38709677
2642,0,31,0,5,0,1,938,17.35483871
2643,0,28,0,8,1,0,159,314.4516129
2644,0,8,0,3,1,1,135,36.41935484
2645,12,0,4,16,0,1,308,23.35483871
2646,0,2,0,13,2,2,1449,690.5483871
2647,0,2,2,11,0,1,413,56.22580645
2648,3,0,0,13,0,1,920,67.67741935
2649,0,6,6,0,7,3,358,51.03225806
2650,2,0,5,0,0,1,192,335.4193548
2651,2,0,3,0,1,0,122,25.80645161
2652,1,6,0,7,5,0,90,96.06451613
2653,4,0,1558,11,0,1,26,160.3548387
2654,0,5,1,12,0,1,1909,422.0967742
2655,0,22,0,2,2,0,570,140.9354839
2656,2,0,3,6,1,0,2,88.35483871
2657,1,0,5,13,1,0,281,27.16129032
2658,0,19,1,0,3,0,234,357.2580645
2659,3,3,0,7,1,0,242,113.5483871
2660,2,0,117,53,2,0,3952,88.06451613
2661,0,21,0,7,2,1,109,16.61290323
2662,0,2,7,12,1,0,720,112.2903226
2663,6,0,4,7,1,0,313,23.5483871
2664,1,0,6,12,0,1,1498,58.35483871
2665,0,1,0,6,2,0,3017,52.96774194
2666,13,0,0,31,1,3,908,604.7096774
2667,0,2,4,0,1,0,429,21.48387097
2668,1,0,12,10,1,0,205,542.3870968
2669,0,6,5,0,1,0,13,94.83870968
2670,1,0,10,11,0,1,4,16.29032258
2671,0,1,3,0,1,3,1284,6.77419355
2672,0,15,0,9,1,0,134,48.35483871
2673,0,2,0,4,0,1,87,7.29032258
2674,0,1,0,4,0,1,227,120.6129032
2675,0,22,4,3,0,2,2529,552.6129032
2676,5,0,0,44,0,1,2616,33.35483871
2677,0,21,5,0,4,0,348,281.9677419
2678,6,0,6,6,0,1,600,60.41935484
2679,0,2,8,10,1,0,1226,186.4516129
2680,2,0,0,13,1,1,442,77.48387097
2681,0,1,0,9,1,0,199,89.51612903
2682,2,0,1,21,0,1,669,61.70967742
2683,3,0,6,13,1,0,1638,93.93548387
2684,0,1,36,37,0,4,192,242.516129
2685,7,0,11,13,1,0,3144,28.19354839
2686,0,4,0,11,0,2,398,63.32258065
2687,1,1,0,8,3,3,150,358.8709677
2688,2,0,0,5,1,0,1890,27.87096774
2689,0,27,0,5,1,0,204,239.6129032
2690,6,0,5,25,5,0,2,138.3870968
2691,8,0,2,13,0,2,2491,276.7419355
2692,0,7,0,11,1,0,68,542.6129032
2693,0,1,14,11,1,0,200,34.35483871
2694,0,8,0,15,0,1,232,185.2258065
2695,1,0,19,1,0,1,31,69.38709677
2696,0,12,5,10,2,0,597,30.38709677
2697,5,0,0,4,1,0,705,62.90322581
2698,0,12,0,3,1,0,20,411.6451613
2699,31,0,0,21,2,5,4624,80.35483871
2700,0,57,3,10,2,1,1254,41
2701,0,1,4,18,0,4,988,26.35483871
2702,0,1,0,22,3,1,1363,515.9677419
2703,1,0,1,0,1,0,177,439.3870968
2704,5,0,14,20,0,3,125,31.74193548
2705,2,0,1,2,2,2,398,28.38709677
2706,4,0,3,0,2,0,308,580.8709677
2707,2,0,6,0,0,1,84,54.51612903
2708,0,2,0,1,1,0,80,9.51612903
2709,9,0,11,12,0,4,482,60.64516129
2710,0,4,0,11,0,3,754,37.64516129
2711,0,5,0,3,1,0,609,91.35483871
2712,0,16,0,6,1,5,449,695.6129032
2713,1,0,0,14,3,0,3499,75.5483871
2714,0,10,7,0,0,2,1259,4.4516129
2715,0,19,17,15,1,1,739,77.32258065
2716,6,0,0,6,1,0,440,61.61290323
2717,0,3,5,7,0,1,277,96.80645161
2718,0,8,2,1,1,0,274,296.3548387
2719,3,0,0,6,2,1,351,93.12903226
2720,5,0,0,8,1,1,2086,52.09677419
2721,1,0,6,10,1,0,90,77.77419355
2722,3,0,4,4,0,1,136,207.2580645
2723,13,0,0,32,1,0,198,103.4193548
2724,0,32,0,15,9,6,1424,189.1935484
2725,4,0,0,4,1,0,53,433.0322581
2726,0,10,0,46,3,0,686,414.8064516
2727,1,0,11,8,1,0,551,75.96774194
2728,5,0,0,5,3,0,2167,210.4516129
2729,19,0,28,0,1,2,16286,110.8064516
2730,0,1,17,23,0,1,480,91.74193548
2731,0,1,14,29,1,0,1571,363.4193548
2732,5,0,0,3,3,0,786,16.90322581
2733,2,0,6,0,0,1,121,171.4193548
2734,0,14,1,3,1,0,173,74.67741935
2735,0,17,6,0,3,1,308,209.3225807
2736,3,24,1,5,1,0,249,126.1935484
2737,2,0,7,10,1,1,87,38.12903226
2738,13,25,17,2,2,0,510,32.70967742
2739,0,32,3,4,1,0,2,23.19354839
2740,0,2,0,5,4,1,133,6.87096774
2741,0,26,5,9,0,6,2175,0.38709677
2742,0,7,0,5,2,0,39,263.6774194
2743,2,0,1,1,0,2,42,56.64516129
2744,1,0,0,9,1,0,168,367.4193548
2745,3,1,0,4,2,1,1,309.4193548
2746,7,0,0,10,1,4,82,99.67741935
2747,0,98,6,4,1,0,790,33.58064516
2748,0,1,6,5,1,0,1148,48.51612903
2749,2,0,1,0,0,1,1685,201.0645161
2750,2,0,9,0,1,1,383,39.35483871
2751,0,85,0,16,0,1,1376,366.2580645
2752,0,2,6,15,2,3,146,84.25806452
2753,3,0,0,1,4,2,571,28.51612903
2754,3,0,0,3,1,1,261,121.4193548
2755,3,0,2,11,0,1,472,116.7096774
2756,0,14,1,0,0,4,579,186.7419355
2757,0,2,0,15,2,0,546,278.1612903
2758,0,7,2,2,0,1,315,44.09677419
2759,1,0,4,0,2,0,112,363.6774194
2760,1,14,0,1,0,3,3041,109.8064516
2761,0,12,0,17,0,1,156,130.516129
2762,0,1,1,0,1,0,117,340.9032258
2763,0,12,0,20,6,1,156,321.6451613
2764,11,0,0,4,1,0,2109,66.4516129
2765,1,0,3,43,0,1,1865,103.3548387
2766,4,0,16,17,0,1,1548,75.29032258
2767,2,0,4,0,1,2,308,187.3870968
2768,1,0,2,0,2,0,1141,377.3548387
2769,0,24,0,8,1,0,1285,64.51612903
2770,0,32,3,3,0,1,278,78.09677419
2771,9,0,0,7,1,0,237,51.61290323
2772,11,0,0,28,1,0,919,72.51612903
2773,0,11,6,0,2,6,4599,235.516129
2774,1,0,0,12,0,1,40,81.19354839
2775,0,19,0,6,1,0,98,72.48387097
2776,0,102,0,16,0,1,536,359.3225807
2777,7,0,21,24,8,1,6558,19.74193548
2778,1,0,0,3,1,0,1,29.51612903
2779,0,8,0,43,1,2,143,212.4516129
2780,2,1,0,2,11,3,4487,78.06451613
2781,0,33,0,11,1,0,70,262.6129032
2782,0,19,0,13,1,2,1998,71.38709677
2783,3,0,1,0,0,1,155,35.25806452
2784,2,0,6,17,0,10,1265,563.8709677
2785,0,6,0,5,1,1,138,452.7096774
2786,2,0,0,5,2,0,1236,166.8064516
2787,0,103,0,2,1,0,63,25.09677419
2788,0,100,0,2,0,1,65,23.41935484
2789,7,0,4,24,0,1,1133,24.35483871
2790,0,44,0,3,2,2,1509,59.64516129
2791,2,0,0,23,1,0,125,131.9354839
2792,2,0,3,13,0,1,2577,83.32258065
2793,13,21,36,36,2,1,2771,24
2794,2,0,0,4,1,1,48,61.4516129
2795,0,27,0,5,0,1,375,72.12903226
2796,1,0,2,16,2,0,1400,33.93548387
2797,3,0,0,3,0,1,254,38.35483871
2798,1,0,10,0,1,0,1498,121.4193548
2799,1,0,3,7,1,0,80,40.32258065
2800,0,1,0,5,1,0,37,106.3225807
2801,0,1,0,4,0,2,83,51.61290323
2802,1,2,0,4,3,0,12,71.41935484
2803,0,3,0,15,1,0,364,229.483871
2804,0,2,0,6,0,1,901,56.93548387
2805,0,2,0,6,2,0,1851,462.6451613
2806,3,13,0,16,6,1,2696,260.9032258
2807,2,0,0,6,2,2,102,119.3225807
2808,2,0,5,5,1,0,2,7
2809,0,11,0,10,1,0,134,337.0967742
2810,7,0,1,23,0,1,558,45.06451613
2811,0,4,4,0,1,0,11,248.3548387
2812,0,1,0,29,11,1,1936,310.6451613
2813,2,0,0,28,1,0,40,22.41935484
2814,1,0,1,19,0,1,3384,48.41935484
2815,0,1,18,29,3,0,5191,305
2816,2,0,0,28,0,1,533,41.35483871
2817,6,0,14,0,1,0,847,98.48387097
2818,0,1,2,2,0,1,16,168.9032258
2819,5,0,0,1,0,1,127,94.41935484
2820,0,9,4,0,1,0,502,15.80645161
2821,1,0,0,3,1,0,260,253.0322581
2822,2,0,2,1,1,1,87,67.48387097
2823,0,5,0,4,2,1,510,239.3870968
2824,0,3,0,13,0,8,356,284.6774194
2825,3,0,0,24,0,1,907,140.516129
2826,0,1,0,10,4,0,1006,418.4516129
2827,1,0,0,10,3,6,139,81.58064516
2828,8,0,0,15,2,0,1438,226.9032258
2829,8,0,6,0,1,1,1139,80.64516129
2830,0,41,0,6,1,0,2167,338.4516129
2831,2,0,0,3,3,0,114,47.03225806
2832,0,37,0,16,4,0,862,95.35483871
2833,0,4,0,25,5,1,1671,562.483871
2834,3,0,0,10,1,0,134,61.51612903
2835,2,0,1,0,1,1,1795,21.38709677
2836,18,0,0,5,0,2,108,59.5483871
2837,5,0,7,4,2,1,88,29.22580645
2838,0,1,0,78,0,5,3,198.3548387
2839,3,0,2,0,5,0,285,571
2840,1,0,0,4,1,0,442,274.2580645
2841,9,0,3,29,1,3,2771,44.74193548
2842,7,0,4,0,1,0,115,434.8709677
2843,0,103,0,3,0,1,45,86.35483871
2844,0,44,0,37,1,0,222,88.41935484
2845,0,5,17,0,0,2,1,442.6129032
2846,3,0,1,10,1,0,267,25.09677419
2847,5,0,0,37,3,2,2137,303.9677419
2848,0,8,0,6,1,0,524,70.5483871
2849,0,32,67,29,4,3,31,47
2850,5,0,0,3,3,0,1110,64.90322581
2851,0,75,0,1,0,1,518,40.5483871
2852,5,0,0,4,1,1,2116,230.5806452
2853,1,0,0,14,3,1,392,431.7419355
2854,4,0,0,5,0,1,32,39.96774194
2855,4,0,2,0,1,0,1127,229.1935484
2856,3,0,0,9,2,0,74,72.87096774
2857,0,1,0,7,0,3,309,300.0322581
2858,0,8,0,5,1,1,22,42.90322581
2859,2,18,1,1,0,1,456,46.09677419
2860,17,0,0,3,1,0,8,26.09677419
2861,1,0,0,8,1,0,343,169.6451613
2862,1,0,0,8,0,2,666,385.9677419
2863,1,0,37,36,1,1,3476,57.83870968
2864,0,14,0,4,1,0,66,854.483871
2865,0,3,0,11,1,0,314,39.93548387
2866,1,1,2,0,2,0,609,209.8709677
2867,1,0,0,4,0,2,61,9.61290323
2868,8,7,0,29,5,1,877,90.64516129
2869,1,0,10,12,1,0,233,84.90322581
2870,16,5,1,18,7,0,2727,224.3225807
2871,1,0,1,0,1,0,18,325.3548387
2872,2,0,0,20,3,0,486,130.483871
2873,10,0,0,12,1,1,3654,57
2874,0,1,0,5,1,2,6,132.9032258
2875,0,15,22,25,0,2,358,330.9677419
2876,1,0,0,4,1,0,125,52.87096774
2877,2,0,0,18,0,1,378,59.96774194
2878,4,0,0,14,2,0,531,97.35483871
2879,0,5,15,16,4,0,165,309.8709677
2880,6,0,2,7,3,1,3119,219.516129
2881,1,3,10,0,2,2,169,102.483871
2882,3,0,92,48,2,0,802,14.90322581
2883,7,0,8,8,1,0,82,88.35483871
2884,0,1,1,7,3,0,299,24.12903226
2885,1,0,0,13,1,0,312,96.06451613
2886,0,2,0,6,2,0,11,10.29032258
2887,7,0,0,3,0,1,242,24.35483871
2888,0,39,2,0,3,0,49,151
2889,0,8,2,3,0,1,26,13.90322581
2890,0,5,0,60,3,5,687,206.3870968
2891,0,25,127,47,2,2,3261,79.35483871
2892,1,0,1,2,1,0,554,23.35483871
2893,2,0,0,14,2,0,233,376.7419355
2894,2,0,19,18,1,0,707,54.83870968
2895,7,0,0,25,2,0,1472,273.0967742
2896,0,1,9,0,1,0,3261,155.8709677
2897,19,2,0,23,0,6,2502,38.93548387
2898,1,0,0,30,1,0,115,6.35483871
2899,9,0,40,25,0,1,950,207.7419355
2900,0,18,0,12,2,1,328,99.03225806
2901,2,0,9,5,0,1,48,28.4516129
2902,4,0,0,27,4,1,1962,392.2903226
2903,11,0,0,12,1,1,758,62.38709677
2904,1,0,6,16,1,1,549,353.0645161
2905,6,0,2,3,3,1,11,5.16129032
2906,1,0,4,0,0,1,2,25.09677419
2907,2,0,0,5,2,0,54,224.4193548
2908,11,0,0,9,1,0,3972,60.35483871
2909,1,0,0,3,0,1,1509,428.0645161
2910,7,0,0,2,0,1,455,59
2911,0,7,6,7,1,0,689,22.70967742
2912,0,107,0,5,3,0,987,38.58064516
2913,1,0,2,8,1,0,210,71.4516129
2914,1,0,0,2,1,0,1343,12.25806452
